Drug,nAcid,nH1,nS1,MATS1c,MATS2m,GATS2i,nBondsD,Kier2,khs.dNH,khs.aaN,TpiPC,MWC8,SRW3
D00002,0.090909,0.227273,0,0.401897,0.531784,0.534885,0.5,0.328674,0,0.75,0.621701,0.669261,0
D00005,0.272727,0.290909,0,0.3519,0.587329,0.559108,0.65,0.404095,0,0.75,0.743593,0.715046,0
D00007,0.272727,0.081818,0,0.267352,0.603852,0.894686,0.1,0.077204,0,0,0.119542,0.126222,0
D00014,0.272727,0.154545,0.125,0.321967,0.367756,0.824061,0.2,0.234538,0,0,0.283003,0.330856,0
D00018,0.090909,0.063636,0,0.503479,0.35982,0.797022,0.1,0.051878,0,0,0.252622,0.355236,0
D00021,0.181818,0.1,0,0.36019,0.428142,0.660848,0.2,0.080617,0,0,0.340877,0.24481,0
D00027,0.090909,0.027273,0,0.194979,0.388287,0.591793,0.15,0.017736,0,0,0.188743,0.152433,0
D00029,0.181818,0.136364,0.125,0.274272,0.297117,0.699691,0.1,0.098369,0,0,0.326311,0.406361,0
D00032,0.181818,0.081818,0,0.375321,0.501909,0.723816,0.15,0.060543,0,0.25,0.280957,0.236649,0
D00035,0.181818,0.081818,0,0.368125,0.336971,0.852326,0.05,0.017736,0,0,0.110863,0.168956,0
D00036,0.090909,0.045455,0,0.432537,0.386255,0.57964,0.2,0.036839,0,0.25,0.292235,0.180223,0
D00037,0.363636,0.063636,0,0.363121,0.679793,0.846811,0.15,0.084209,0,0,0.189707,0.311536,0
D00038,0.181818,0.045455,0,0.343842,0.300349,0.59301,0.2,0.036839,0,0,0.292235,0.180223,0
D00039,0.181818,0.1,0,0.266339,0.681727,0.769539,0.05,0.033426,0,0,0.052449,0.105566,0
D00041,0.181818,0.081818,0,0.335401,0.634989,0.917565,0.05,0.033426,0,0,0.052449,0.105566,0
D00043,0.090909,0.118182,0,0,0.908694,0.450569,0.05,0.060543,0,0,0.122853,0.233625,0
D00045,0.090909,0.109091,0,0.517776,0.335559,0.598098,0.2,0.094532,0,0.75,0.61643,0.519824,0
D00049,0.181818,0.036364,0,0.437814,0.284322,0.587962,0.2,0.036839,0,0.25,0.292235,0.180223,0
D00050,0.090909,0.172727,0,0.47212,0.594338,0.633737,0.35,0.184131,0,0,0.67461,0.572673,0
D00052,0.454545,0.154545,0,0.352254,0.401424,0.835656,0.2,0.234538,0,0,0.29098,0.326991,0
D00054,0.090909,0.1,0,0.54179,0.262913,0.605885,0.2,0.094532,0,0.25,0.553557,0.519824,0
D00055,0.181818,0.027273,0,0.241146,0.540086,0.671603,0.2,0.046404,0,0,0.271013,0.279463,0
D00065,0.181818,0.118182,0,0.278215,0.59902,0.770571,0.05,0.054898,0,0,0.078214,0.143509,0
D00070,0.272727,0.163636,0,0.36956,0.523862,0.680098,0.55,0.286105,0,0.5,0.636795,0.534936,0
D00094,0.181818,0.245455,0,0.558524,0.681345,0.512084,0.3,0.198593,0,0,0.495252,0.424322,0
D00097,0.181818,0.045455,0,0.392794,0.402753,0.621059,0.2,0.041315,0,0,0.321646,0.246656,0
D00103,0.272727,0.045455,0,0.406929,0.350205,0.974688,0.1,0.057022,0,0,0.119542,0.198885,0
D00107,0.090909,0.618182,0,0.618324,0.516789,0.642413,0.35,0.558827,0,0,0.563976,0.690316,0
D00109,0.181818,0.063636,0,0.354901,0.734477,0.586349,0.25,0.084209,0,0,0.399397,0.311172,0
D00118,0.181818,0.118182,0,0.499255,0.576234,0.454522,0.3,0.10374,0,0,0.627641,0.424169,0
D00120,0.181818,0.145455,0.125,0.512418,0.428807,0.471479,0.5,0.172415,0,0,0.713547,0.544274,0
D00125,0.090909,0.281818,0,0.593988,0.438374,0.506825,0.35,0.277607,0,0,0.717802,0.70809,0
D00126,0.181818,0.154545,0,0.56168,0.598105,0.547376,0.2,0.107854,0,0,0.385076,0.333838,0
D00127,0.090909,0.109091,0.125,0.457443,0.621597,0.528554,0.5,0.138963,0,0.25,0.630261,0.550612,0
D00130,0.181818,0.063636,0,0.450142,0.432402,0.508821,0.35,0.10931,0,0,0.652894,0.442682,0
D00131,0.090909,0.172727,0.5,0.574559,0.954831,0.53357,0.1,0.191711,0,0,0.221004,0.285525,0
D00132,0.181818,0.118182,0,0.480185,0.454584,0.548355,0.4,0.14026,0,0,0.562261,0.424348,0
D00136,0.090909,0.209091,0,0.614637,0.426349,0,0.35,0.202153,0,0,0.49559,0.500531,0
D00139,0.090909,0.063636,0,0.567225,0.577553,0.441599,0.3,0.066289,0,0,0.664624,0.478889,0
D00141,0.181818,0.136364,0,0.616773,0.426349,0,0.45,0.172415,0,0,0.639339,0.558169,0
D00142,0.272727,0.190909,0,0.350484,0.632038,0.623156,0.55,0.290826,0,1,0.686317,0.549083,0
D00145,0.090909,0.154545,0,0.474769,0.715575,0.367733,0.3,0.16379,0,0.5,0.592599,0.462674,0
D00148,0.090909,0.409091,0,0.719899,0.50455,0.599493,0.35,0.353954,0,0,0.588543,0.523341,0
D00153,0.090909,0.209091,0,0.46605,0.629286,0.580055,0.2,0.090202,0,0,0.544558,0.596544,0
D00155,0.090909,0.136364,0,0.550784,0.288671,0.6224,0.15,0.104271,0,0.25,0.536922,0.497013,0
D00158,0.181818,0.127273,0,0.532723,0.664482,0.554246,0.35,0.126972,0,0,0.559736,0.447587,0
D00160,0.181818,0.118182,0,0.329607,0.304101,0.807379,0.05,0.113429,0,0,0.078214,0,0
D00168,0.090909,0.109091,0,0.44103,0.347038,0.662394,0.15,0.092205,0,0,0.417975,0.459549,0
D00169,0.181818,0.090909,0,0.632073,0.426349,0,0.35,0.126972,0,0,0.544272,0.448716,0
D00183,0.181818,0.1,0,0.520145,0.802572,0.567697,0.3,0.092205,0,0.25,0.558409,0.466389,0
D00184,0.090909,1,0,0.447,0.677396,0.65579,0.6,1,0,0,0.555928,0.739405,0
D00185,0.090909,0.209091,0,0.540459,0.474319,0.598933,0.15,0.083566,0,0,0.576943,0.586918,0
D00186,0.181818,0.163636,0,0.598212,0.446667,0.61203,0.3,0.135527,0,0,0.643321,0.572111,1
D00187,0.090909,0.390909,0,0.6663,0.515071,0.593816,0.2,0.218413,0,0,0.542946,0.567928,0
D00188,0.090909,0.390909,0,0.666106,0.480264,0.614487,0.15,0.212872,0,0,0.528273,0.560023,0
D00196,0.090909,0.190909,0,0.380505,0.722257,0.430844,0.2,0.0922,0,0,0.575424,0.567977,0
D00198,0.090909,0.381818,0,0.642685,0.510052,0.510376,0.5,0.373152,0,0,0.691164,0.694942,0
D00203,0.181818,0.663636,0,0.522765,0.393903,0.750781,0.45,0.747481,0,0,0.589454,0.665694,0
D00208,0.090909,0.163636,0,0.448045,0.681894,0.564954,0.25,0.103475,0,0,0.595855,0.668759,1
D00216,0.090909,0.390909,0,0.542909,0.270528,0.822099,0.05,0.361753,0,0,0.520621,0.665657,0
D00217,0.090909,0.072727,0,0.395067,0.586543,0.717615,0.2,0.060543,0,0,0.335323,0.231994,0
D00218,0.090909,0.045455,0.25,0.348597,0.854158,0.747726,0.25,0.05761,0,0.5,0.369015,0.344062,0
D00219,0.090909,0.172727,0.125,0.330392,0.534244,0.602408,0.35,0.168592,0,0,0.483723,0.452129,0
D00222,0.090909,0.090909,0,0.45004,0.438274,0.461887,0.2,0.098369,0,0.25,0.497403,0.424705,0
D00224,0.090909,0.027273,0,0.565631,0.310355,0.67359,0.2,0.018797,0,0.75,0.477505,0.323262,0
D00225,0.090909,0.109091,0,0.628885,0.426349,0,0.45,0.122891,0,0.5,0.675874,0.543375,0
D00227,0.090909,0.063636,0,0.343,0.897697,0.336963,0.2,0.038242,0,0.25,0.431112,0.432902,0
D00231,0.090909,0.072727,0,0.477016,0.373464,0.591243,0.3,0.075072,0,0.25,0.499768,0.357977,0
D00234,0.090909,0.281818,0,0.591169,0.385778,0.556599,0.5,0.282572,0,0.25,0.632019,0.572135,0
D00251,0.181818,0.127273,0.125,0.392065,0.352882,0.693646,0.1,0.088493,0,0,0.252038,0.364563,0
D00252,0.090909,0.1,0,0.261809,0.446072,0.533889,0.4,0.098193,0,0,0.664074,0.481018,0
D00270,0.090909,0.172727,0.125,0.616389,0.426349,0,0.3,0.138003,0,0,0.608962,0.499336,0
D00274,0.090909,0.263636,0,0.603747,0.426349,0,0.35,0.30084,0,0,0.51768,0.531976,0
D00279,0.090909,0.127273,0,0.596382,0.426349,0,0.2,0.112085,0,0,0.377322,0.365495,0
D00283,0.090909,0.172727,0,0.621292,0.426349,0,0.35,0.138963,0,0,0.661912,0.528672,0
D00285,0.090909,0.154545,0,0.474769,0.715575,0.367733,0.3,0.16379,0,0.5,0.592599,0.462674,0
D00293,0.090909,0.109091,0,0.619951,0.426349,0,0.4,0.120883,0,0,0.607894,0.492138,0
D00294,0.090909,0.054545,0.125,0.610881,0.426349,0,0.3,0.044778,0,0,0.505335,0.436864,0
D00298,0.090909,0.572727,0,0.548112,0.515117,0.659802,0.1,0.370089,0,0,0.60734,0.768946,0
D00300,0.090909,0.190909,0,0.806504,0.272686,0.496224,0.3,0.171779,0,0,0.525681,0.390134,0
D00315,0.181818,0.181818,0,0.514811,0.657552,0.607272,0.25,0.116632,0,0,0.665934,0.556789,0
D00317,0.090909,0.163636,0,0.366676,0.650063,0.530137,0.3,0.202343,0,0.75,0.578304,0.450485,0
D00322,0.090909,0.1,0,0.665021,0.37011,0.502485,0.35,0.143728,0,1,0.578281,0.501237,0
D00324,0.090909,0.272727,0,0.583942,0.676269,0.55208,0.2,0.136877,0,0,0.615509,0.727794,0
D00325,0.090909,0.281818,0,0.56827,0.747895,0.557421,0.25,0.169787,0,0,0.628517,0.75274,0
D00328,0.090909,0.290909,0,0.590414,0.677836,0.564072,0.15,0.136877,0,0,0.596954,0.727794,0
D00330,0.181818,0.109091,0,0.45074,0.487735,0.504664,0.35,0.121734,0,0,0.631042,0.425213,0
D00332,0.181818,0.154545,0,0.373848,0.436653,0.685943,0.05,0.064902,0,0,0.198066,0.31339,0
D00333,0.090909,0.109091,0,0.46397,0.397052,0.512792,0.2,0.121734,0,0.25,0.511529,0.443793,0
D00340,0.090909,0.063636,0.25,0.589817,0.426349,0,0.35,0.064471,0,0,0.523359,0.49318,0
D00342,0.090909,0.090909,0,0.45213,0.427769,0.541556,0.15,0.092205,0,0,0.392188,0.449188,0
D00359,0.090909,0.318182,0,0.488383,0.510039,0.650204,0.2,0.230713,0,0,0.511436,0.550411,0
D00362,0.272727,0.290909,0,0.395339,0.390711,0.751946,0.3,0.307075,0,0,0.459903,0.49239,0
D00364,0.090909,0.2,0,0.617992,0.426349,0,0.4,0.195372,0,0.25,0.66443,0.559691,0
D00369,0.181818,0.163636,0,0.549867,0.426349,0,0.2,0.190574,0,0,0.431324,0.373265,0
D00371,0.090909,0.063636,0,0.343,0.897697,0.336963,0.2,0.038242,0,0.25,0.431112,0.432902,0
D00377,0.181818,0.054545,0,0.381507,0.576309,0.662489,0.2,0.046404,0,0,0.345363,0.288155,0
D00380,0.090909,0.154545,0.125,0.259416,0.604853,0.547681,0.3,0.151402,0,0,0.423869,0.383899,0
D00383,0.181818,0.309091,0,0.469839,0.442717,0.719019,0.3,0.281569,0,0,0.481771,0.555126,0
D00387,0.090909,0.1,0,0.626595,0.426349,0,0.45,0.129192,0,0.5,0.683249,0.557461,0
D00391,0.090909,0.090909,0,0.462467,0.515435,0.403246,0.15,0.110422,0,0,0.427175,0.50146,0
D00394,0.090909,0.236364,0,0.844228,0.464265,0.544478,0.3,0.155595,0,0,0.623751,0.49652,0
D00398,0.090909,0.181818,0,0.397514,0.657514,0.53532,0.25,0.187331,0,0.25,0.514224,0.473533,0
D00401,0.090909,0.045455,0.125,0.48259,0.649041,0.500294,0.1,0,0,0,0.132293,0.14933,0
D00410,0.090909,0.118182,0,0.772193,0.57727,0.496911,0.35,0.10374,0,0.5,0.501018,0.428809,0
D00414,0.090909,0.1,0.125,0.393521,0.675239,0.440048,0.25,0.086331,0,0,0.565666,0.423454,0
D00416,0.090909,0.118182,0,0.642662,0.426349,0,0.4,0.197016,0,0.25,0.550098,0.487913,0
D00417,0.090909,0.072727,0,0.624491,0.569499,0.526602,0.3,0.098369,0,0.25,0.541595,0.408888,0
D00418,0.090909,0.136364,0,0.372332,0.577153,0.639,0.15,0.080605,0,0.25,0.437979,0.391557,0
D00421,0.181818,0.290909,0,0.423761,0.453914,0.724117,0.3,0.262577,0,0,0.48529,0.553856,0
D00423,0.090909,0.1,0,0.52861,0.337312,0.764795,0.15,0.092205,0,0.5,0.451086,0.458138,0
D00425,0.090909,0.136364,0,0.743289,0.533192,0.488341,0.3,0.116747,0,0,0.616285,0.399012,0
D00434,0.090909,0.336364,0,0.481666,0.580086,0.622908,0.2,0.224052,0,0,0.515681,0.566567,0
D00437,0.090909,0.154545,0,0.513685,0.77127,0.498282,0.4,0.197016,0,0,0.600503,0.551398,0
D00448,0.181818,0.118182,0.125,0.42549,0.384724,0.649933,0.65,0.225498,0,0.25,0.667831,0.514868,0
D00449,0.090909,0.172727,0.125,0.70494,0.319046,0.715047,0.6,0.230713,0,0,0.619832,0.568453,0
D00451,0.090909,0.190909,0.125,0.605126,0.428832,0.498568,0.3,0.132408,0,0,0.621978,0.460927,0
D00452,0.181818,0.1,0.125,0.480717,0.47001,0.510176,0.35,0.121734,0,0,0.544735,0.417208,0
D00454,0.090909,0.181818,0.125,0.619022,0.641374,0.552248,0.3,0.122891,0,0,0.678741,0.530146,0
D00455,0.090909,0.163636,0.125,0.656237,0.663566,0.558758,0.4,0.16669,0,0.5,0.66541,0.520464,0
D00459,0.181818,0.272727,0,0.444312,0.463109,0.65793,0.45,0.30084,0,0,0.565744,0.544522,0
D00463,0.181818,0.127273,0,0.451393,0.423829,0.626253,0.45,0.168592,0,0.25,0.73574,0.48054,0
D00475,0.181818,0.163636,0.125,0.326729,0.710834,0.572231,0.3,0.155111,0,0,0.466317,0.431801,0
D00487,0.090909,0.109091,0,0.41056,0.735423,0.324003,0.2,0.084209,0,0,0.365161,0.283857,0
D00488,0.090909,0.109091,0,0.606725,0.426349,0,0.3,0.10374,0,0.5,0.548722,0.433317,0
D00494,0.090909,0.181818,0.125,0.778659,0.636218,0.503662,0.3,0.120883,0,0,0.630866,0.498047,0
D00496,0.181818,0.1,0.125,0.279629,0.839979,0.556612,0.05,0.023104,0,0,0.078214,0.211646,0
D00501,0.090909,0.154545,0,0.42281,0.761614,0.468881,0.25,0.132408,0,0.25,0.492735,0.494573,0
D00503,0.090909,0.245455,0.125,0.618501,0.426349,0,0.3,0.207446,0,0,0.617863,0.539498,0
D00505,0.090909,0.118182,0,0.774033,0.163606,0.549035,0.15,0.077204,0,0,0.293082,0.160574,0
D00510,0.090909,0.172727,0,0.65702,0.487191,0.743854,0.4,0.173625,0,0,0.587219,0.531255,0
D00512,0.090909,0.1,0,0.372729,0.402653,0.555247,0.4,0.104271,0,0,0.587872,0.52251,0
D00513,0.090909,0.181818,0,0.5912,0.427992,0.690651,0.2,0.135679,0,0,0.542069,0.401349,0
D00515,0.090909,0.063636,0,0.48647,0.508465,0.875935,0.15,0.16816,0,0,0.219497,0.231378,0
D00516,0.090909,0.081818,0,0.649595,0.334975,0.694684,0.1,0.086331,0,0,0.346628,0.437961,0
D00518,0.090909,0.045455,0.25,0.766041,0.426349,0,0.35,0.066289,0,0,0.445672,0.447429,0
D00519,0.090909,0.045455,0.25,0.590575,0.426349,0,0.4,0.064471,0,0,0.566836,0.49318,0
D00521,0.090909,0.372727,0,0.621158,0.448291,0.587943,0.45,0.287894,0,0,0.601425,0.592697,0
D00528,0.090909,0.081818,0,0.377391,0.983281,0.269295,0.2,0.044778,0,0.25,0.451708,0.461603,0
D00530,0.090909,0.127273,0,0.679697,0.686045,0.622696,0.4,0.161076,0,0.5,0.769092,0.522448,0
D00533,0.090909,0.1,0,0.37365,0.505181,0.54266,0.4,0.104271,0,0,0.635697,0.503647,0
D00535,0.181818,0.1,0,0.312285,0.444154,0.813168,0.1,0.079306,0,0,0.097607,0.058093,0
D00536,0.090909,0.118182,0,0.170065,0.437591,0.476207,0.25,0.167534,0,0,0.407539,0.322103,0
D00537,0.090909,0.181818,0.125,0.382285,0.718033,0.593612,0.1,0.083487,0,0,0.451918,0.592006,0
D00538,0.090909,0.063636,0.125,0.565008,0.058971,0.665876,0.3,0.053512,0,0.25,0.558658,0.40292,0
D00542,0.090909,0,0,1,0.426349,0,0,0,0,0,0,0.109952,0
D00543,0.090909,0.009091,0,0.554722,0.426349,0,0,0.041315,0,0,0.082789,0.228201,0
D00544,0.090909,0.027273,0,1,0.426349,0,0,0.017736,0,0,0.03065,0.160968,0
D00545,0.090909,0.009091,0,0.550468,0.426349,0,0,0.041315,0,0,0.082789,0.211342,0
D00546,0.090909,0.009091,0,0.449159,0.162302,0.468149,0,0.041315,0,0,0.082789,0.211342,0
D00547,0.090909,0.018182,0,0.564042,0.572878,0.423919,0,0.051878,0,0,0.126079,0.330774,0
D00549,0.090909,0.154545,0,0.482767,0.688129,0.536934,0.15,0.069802,0,0,0.368596,0.348173,0
D00550,0.090909,0.109091,0,0.628104,0.426349,0,0.45,0.129192,0,0.25,0.683249,0.557461,0
D00560,0.090909,0.263636,0,0.488654,0.367272,0.560668,0.5,0.270172,0,0,0.604459,0.587891,0
D00562,0.090909,0.081818,0.125,0.271769,0.666052,0.696493,0.15,0.060543,0,0,0.25493,0.256416,0
D00563,0.090909,0.172727,0,0.718305,0.411129,0.535038,0.3,0.100897,0,0.25,0.646077,0.526509,0
D00566,0.181818,0.045455,0,0.392794,0.402753,0.621059,0.2,0.041315,0,0,0.321646,0.246656,0
D00567,0.090909,0.118182,0.125,0.472078,0.551915,0.428583,0.5,0.157572,0,0.25,0.787442,0.555061,0
D00568,0.090909,0.118182,0.125,0.552463,0.305282,0.508417,0.5,0.132863,0,0,0.656528,0.512529,0
D00569,0.090909,0.109091,0,0.483607,0.59716,0.660754,0.2,0.101401,0,0,0.374798,0.267768,0
D00574,0.090909,0.136364,0,0.403662,0.611163,0.602492,0.25,0.092205,0,0,0.468076,0.464114,0
D00577,0.090909,0.172727,0,0.502259,0.543482,0.559223,0.35,0.159272,0,0,0.592773,0.440042,0
D00579,0.363636,0.018182,0,0.241004,0,1,0.1,0,0,0,0.046596,0.109952,0
D00584,0.090909,0.018182,0,0.333815,0.443649,0.589355,0.15,0.023104,0,0,0.214077,0.21791,0
D00593,0.090909,0.3,0.125,0.263578,0.58931,0.564301,0.45,0.295708,0,0,0.527685,0.561025,0
D00596,0.090909,0.163636,0.125,0.509258,0.515143,0.566624,0.4,0.210882,0,0.25,0.53227,0.46643,0
D00620,0.181818,0.254545,0,0.441436,0.42871,0.678356,0.45,0.296773,0,0,0.571387,0.533177,0
D00621,0.181818,0.254545,0,0.414979,0.462917,0.718114,0.3,0.265927,0,0,0.453092,0.482821,0
D00622,0.181818,0.409091,0,0.452364,0.435538,0.692052,0.35,0.391182,0,0,0.498511,0.57894,0
D00623,0.181818,0.309091,0,0.536695,0.533978,0.59451,0.45,0.34803,0,0,0.587639,0.578963,0
D00624,0.181818,0.290909,0,0.393463,0.503055,0.776288,0.15,0.230056,0,0,0.416241,0.527413,0
D00625,0.090909,0.154545,0,0.545831,0.168686,0.900828,0,0.088493,0,0,0.233131,0.376972,0
D00630,0.090909,0.081818,0,0.652474,0.278462,0.702979,0.05,0.0472,0,0,0.286611,0.403999,0
D00650,0.090909,0.118182,0.25,0.379557,0.393476,0.393006,0.5,0.154695,0,0,0.649722,0.586773,0
D00651,0.090909,0.118182,0.375,0.593499,0.426349,0,0.55,0.167534,0,0,0.629248,0.551571,0
D00652,0.090909,0.190909,0.375,0.486564,0.786891,0.497955,0.3,0.149559,0,0,0.561303,0.549702,0
D00653,0.090909,0.145455,0.375,0.447699,0.797341,0.521551,0.3,0.085692,0,0,0.537188,0.531535,0
D00654,0.090909,0.063636,0.25,0.349692,0.305126,0.344299,0.35,0.084238,0,0,0.576975,0.539527,0
D00655,0.090909,0.063636,0.25,0.383299,0.96373,0.672446,0.25,0.063522,0,0,0.362179,0.382515,0
D00656,0.090909,0.090909,0.25,0.569987,0.426349,0,0.35,0.0922,0,0,0.556294,0.541929,0
D00658,0.090909,0.063636,0.25,1,0.426349,0,0.35,0.0922,0,0,0.554615,0.529522,0
D00667,0.090909,0.463636,0,0.450204,0.604147,0.462643,0.4,0.427528,0,0,0.533205,0.542403,0
D00670,0.090909,0.263636,0,0.760362,0.391353,0.537423,0.35,0.212872,0,0,0.582877,0.548679,0
D00691,0.090909,0.118182,0,0.445558,0.647606,0.446504,0.2,0.098193,0,0.25,0.501874,0.494092,0
D00703,0.090909,0.109091,0,0.117208,0.578197,0.606433,0.05,0.064902,0,0,0.225419,0.31339,0
D00709,0.090909,0.118182,0,0.355986,0.556427,0.740869,0.1,0.064902,0,0,0.216429,0.320938,0
D00726,0.090909,0.2,0,0.589819,0.426349,0,0.2,0.192572,0,0,0.427175,0.408114,0
D00733,0.090909,0.263636,0,0.527576,0.464432,0.634979,0.3,0.260311,0,0.25,0.641883,0.470518,0
D00752,0.090909,0.281818,0,0.590164,0.513374,0.527756,0.3,0.281569,0,0,0.587017,0.552657,0
D00753,0.090909,0.709091,0,0.617835,0.514754,0.642614,0.45,0.682478,0,0,0.576696,0.695044,0
D00762,0.181818,0.118182,0,0.345867,0.71757,0.669698,0.2,0.075072,0,0,0.376835,0.340765,0
D00771,0.090909,0.027273,0,0.614345,0.426349,0,0.2,0.025242,0,0.25,0.411554,0.348737,0
D00781,0.090909,0.127273,0,0.565625,0.722415,0.601,0.3,0.198593,0,0,0.565954,0.453824,0
D00785,0.090909,0.154545,0,0.785601,0.314496,0.576279,0.15,0.122786,0,0,0.366905,0.276604,0
D00786,0.090909,0.090909,0,0.587078,0.627282,0.567743,0.4,0.132408,0,0,0.592776,0.463886,0
D00805,0.090909,0.063636,0,1,0.426349,0,0.05,0.051878,0,0,0.14248,0.340491,0
D00810,0.181818,0.045455,0,0.392794,0.402753,0.621059,0.2,0.041315,0,0,0.321646,0.246656,0
D00813,0.181818,0.109091,0,0.539006,0.40965,0.642022,0.35,0.104271,0,0,0.587156,0.49878,0
D00826,0.090909,0.1,0,0.520003,0.22082,0.649211,0.15,0.018797,0,0,0.337659,0.335009,1
D00827,0.090909,0.081818,0,0.389067,0.454553,0.45192,0.4,0.178729,0,0,0.481888,0.422992,0
D00829,0.181818,0.118182,0,0.390687,0.614805,0.599368,0.05,0.080617,0,0,0.14248,0.295147,0
D00882,0.090909,0.118182,0,0.642662,0.426349,0,0.4,0.197016,0,0.25,0.550098,0.487913,0
D00884,0.181818,0.427273,0,0.521677,0.395834,0.731087,0.35,0.441346,0,0,0.5611,0.638623,1
D00885,0.090909,0.109091,0,0.642267,0.426349,0,0.45,0.215554,0,0.25,0.572184,0.488758,0
D00887,0.181818,0.309091,0,0.548894,0.464299,0.603856,0.65,0.384859,0,0,0.714422,0.634478,0
D00889,0.181818,0.3,0,0.588644,0.570066,0.548104,0.4,0.320376,0,0.25,0.652642,0.566148,0
D00892,0.181818,0.227273,0,0.501237,0.49867,0.611406,0.45,0.248877,0,0,0.782343,0.573956,0
D00893,0.181818,0.318182,0,0.467777,0.445111,0.697595,0.2,0.277245,0,0,0.498181,0.534385,0
D00900,0.090909,0.254545,0,0.421708,0.583141,0.70968,0.15,0.215973,0,0,0.400368,0.445814,0
D00902,0.181818,0.172727,0,0.409286,0.447738,0.777303,0.2,0.202343,0.5,0,0.421979,0.480559,0
D00903,0.181818,0.090909,0,0.632485,0.426349,0,0.35,0.14026,0,0,0.532373,0.42572,0
D00904,0.181818,0.090909,0,0.632485,0.426349,0,0.35,0.14026,0,0,0.532373,0.42572,0
D00947,0.090909,0.172727,0,0.468993,0.484931,0.577468,0.25,0.178848,0,0,0.550206,0.502813,0
D00960,0.090909,0.163636,0,0.70987,0.792168,0.390333,0.25,0.143728,0,0.5,0.59958,0.494537,0
D00963,0.090909,0.209091,0,0.635543,0.636884,0.522478,0.25,0.083487,0,0,0.56309,0.616655,0
D00964,0.090909,0.090909,0,0.706779,0.206119,0.461825,0.4,0.168592,0,0.5,0.662974,0.480272,0
D00965,0.090909,0.081818,0,0.355049,1,0.405338,0.3,0.113717,0,0,0.559243,0.547122,0
D00968,0.181818,0.118182,0,0.443035,0.470999,0.61009,0.35,0.135679,0,0,0.549013,0.39071,0
D00969,0.090909,0.109091,0.25,0.428991,0.764835,0.490519,0.45,0.129192,0,0.25,0.6282,0.558246,0
D00970,0.181818,0.118182,0,0.499255,0.576234,0.454522,0.3,0.10374,0,0,0.627641,0.424169,0
D00994,0.090909,0.136364,0,0.687372,0.642766,0.49837,0.15,0.051878,0,0,0.336767,0.324541,0
D00995,0.090909,0.163636,0,0.433039,0.814326,0.284617,0.2,0.098369,0,0,0.419317,0.374355,0
D00998,0.090909,0.163636,0,0.433039,0.814326,0.284617,0.2,0.098369,0,0,0.419317,0.374355,0
D01001,0.090909,0.372727,0,0.602528,0.426349,0,0.4,0.380441,0,0,0.494232,0.544177,0
D01027,0,0.8,0,0.335444,0.38923,0.445006,0.7,0.575377,0,0,1,1,0
D01061,0.090909,0.336364,0,0.451099,0.614319,0.586105,0.55,0.293082,0,0.25,0.871033,0.705268,0
D01064,0.272727,0.190909,0.125,0.369678,0.677856,0.596912,0.55,0.272281,0,0,0.697363,0.550224,0
D01069,0.181818,0.263636,0,0.548507,0.436595,0.75135,0.3,0.277245,0,0,0.495135,0.534878,0
D01071,0.090909,0.127273,0,0.377247,0.758204,0.453881,0.2,0.081928,0,0,0.384056,0.490437,0
D01097,0.090909,0.063636,0,0.502744,0.428385,0.65836,0.2,0.101401,0,0.25,0.36422,0.274474,0
D01118,0.090909,0.209091,0.125,0.799666,0.647484,0.575964,0.3,0.155595,0,0,0.635073,0.51026,0
D01119,0.181818,0.236364,0.25,0.508552,0.349198,0.616163,0.4,0.316568,0,0,0.530863,0.525007,0
D01122,0.090909,0.2,0,0.580732,0.510809,0.578765,0.35,0.198593,0,0.25,0.499548,0.416121,0
D01133,0.090909,0.154545,0,0.575005,0.580351,0.594208,0.45,0.161475,0,0.25,0.787425,0.538889,0
D01136,0.181818,0.109091,0,0.371149,0.28757,0.681585,0.05,0.060543,0,0,0.188743,0.251658,0
D01164,0.090909,0.236364,0,0.66304,0.447666,0.643592,0.35,0.248877,0,0,0.56306,0.532197,0
D01180,0.090909,0.236364,0,0.60734,0.577965,0.564651,0.05,0.079096,0,0,0.567362,0.691397,1
D01183,0.181818,0.1,0,0.409044,0.541859,0.626403,0.35,0.121734,0,0,0.561871,0.423069,0
D01196,0.090909,0.045455,0.25,0.348597,0.854158,0.747726,0.25,0.05761,0,0.5,0.369015,0.344062,0
D01198,0.090909,0.2,0,0.569392,0.422411,0.538671,0.45,0.253651,0,0,0.609913,0.497171,0
D01211,0.272727,0.209091,0,0.342102,0.451468,0.688999,0.55,0.309641,0,0,0.602534,0.563516,0
D01223,0.090909,0.2,0,0.333744,0.539903,0.615905,0.25,0.210882,0,0,0.528922,0.508263,0
D01228,0.090909,0.281818,0,0.421189,0.561541,0.481293,0.4,0.328042,0,0,0.466776,0.458224,0
D01240,0.090909,0.663636,0,0.556158,0.473102,0.677429,0.1,0.476053,0,0,0.62315,0.797811,0
D01256,0.090909,0.136364,0.25,0.393737,0.372262,0.566714,0.4,0.103475,0,0,0.630062,0.596787,0
D01264,0.090909,0.236364,0,0.614837,0.60798,0.545719,0.45,0.243053,0,0,0.770442,0.694642,0
D01275,0.090909,0.236364,0,0.614675,0.527992,0.552713,0.45,0.258462,0,0,0.772071,0.697822,0
D01276,0.090909,0.463636,0,0.407761,0.602502,0.583272,0.65,0.532778,0,0.25,0.668104,0.62284,0
D01325,0.181818,0.1,0.125,0.486124,0.605713,0.495311,0.35,0.121734,0,0,0.54022,0.423249,0
D01332,0.090909,0.163636,0.125,0.884403,0.486497,0.435907,0.35,0.122891,0,0,0.670581,0.543749,0
D01346,0.181818,0.172727,0,0.40166,0.351334,0.660248,0.6,0.277245,0,0,0.582482,0.502061,0
D01364,0.090909,0.145455,0,0.601288,0.505324,0.670989,0.2,0.080605,0,0,0.432444,0.397877,0
D01367,0.090909,0.254545,0,0.568674,0.729863,0.565792,0.2,0.110366,0,0,0.583677,0.696726,0
D01370,0.090909,0.1,0,0.454515,0.488955,0.590817,0.2,0.094532,0,0.75,0.623776,0.511013,0
D01397,0.090909,0.181818,0.125,0.337386,0.727775,0.509525,0.55,0.254021,0,0.25,0.656713,0.587769,0
D01425,0.090909,0.427273,0,0.465083,0.456943,0.630209,0.6,0.481735,0,0,0.578448,0.599415,0
D01432,0.090909,0.172727,0,0.503764,0.722714,0.492538,0.5,0.156564,0,0.25,0.887894,0.697646,0
D01441,0.090909,0.272727,0,0.555772,0.464794,0.533064,0.65,0.324126,0,0.75,0.722576,0.569741,0
D01475,0.090909,0.163636,0,0.407701,0.661575,0.507392,0.4,0.206461,0,0,0.643858,0.468799,0
D01513,0.181818,0.145455,0,0.432958,0.581257,0.60119,0.25,0.127807,0,0,0.431245,0.336854,0
D01547,0.181818,0.118182,0.125,0.50505,0.611708,0.469441,0.4,0.126832,0,0,0.65372,0.498239,0
D01549,0.181818,0.245455,0,0.384366,0.562263,0.630504,0.35,0.273168,0,0,0.468764,0.523571,0
D01565,0.090909,0.354545,0,0.607905,0.426349,0,0.6,0.410949,0,0,0.659388,0.595719,0
D01578,0.181818,0.109091,0,0.404119,0.588699,0.535745,0.35,0.104271,0,0.25,0.646791,0.478812,0
D01582,0.181818,0.154545,0,0.613725,0.426349,0,0.5,0.230713,0,0,0.648904,0.570839,0
D01665,0.090909,0.190909,0,0.519608,0.26276,0.9329,0,0.121734,0,0,0.291836,0.456718,0
D01667,0.181818,0.290909,0,0.493308,0.452655,0.656073,0.45,0.320376,0,0,0.538222,0.543278,0
D01688,0.181818,0.109091,0.25,0.423552,0.817564,0.530987,0.4,0.16379,0,0,0.554053,0.449188,0
D01690,0.090909,0.218182,0,0.589925,0.51195,0.555986,0.4,0.218413,0,0,0.608567,0.553264,0
D01704,0.181818,0.218182,0,0.54067,0.460926,0.585824,0.2,0.18423,0,0,0.561466,0.528074,0
D01709,0.181818,0.154545,0,0.483673,0.458633,0.607724,0.25,0.121734,0,0,0.479482,0.408999,0
D01712,0.090909,0.063636,0,0.343,0.897697,0.336963,0.2,0.038242,0,0.25,0.431112,0.432902,0
D01715,0.090909,0.181818,0.125,0.506936,0.618912,0.617161,0.25,0.198593,0,0,0.530717,0.458652,0
D01718,0.181818,0.145455,0,0.63911,0.562768,0.508879,0.45,0.197016,0,0.25,0.766779,0.521474,0
D01765,0.090909,0.536364,0,0.608216,0.426349,0,0.75,0.663182,0,0,0.675005,0.671244,0
D01767,0.090909,0.090909,0.25,0.467927,0.525294,0.49449,0.45,0.122891,0,0.25,0.608194,0.54942,0
D01811,0.090909,0.054545,0,0.378051,0.48366,0.601393,0.2,0.041315,0,0,0.321646,0.246656,0
D01825,0.090909,0.263636,0,0.592163,0.706821,0.558346,0.2,0.137438,0,0,0.622042,0.748371,0
D01828,0.181818,0.118182,0,0.430117,0.824719,0.497115,0.4,0.122891,0,0.25,0.694987,0.539031,0
D01840,0.090909,0.154545,0.125,0.57264,0.527812,0.540902,0.35,0.120883,0,0.25,0.633044,0.497119,0
D01842,0.090909,0.081818,0,0.378137,0.558159,0.552802,0.3,0.0922,0,0,0.570103,0.556543,0
D01844,1,0.472727,1,0.335874,0.236632,0.604154,0.9,0.791881,0,0,0.651865,0.805786,0
D01862,0.181818,0.209091,0,0.50715,0.35087,0.602894,0.5,0.24152,0,0.25,0.795027,0.583743,1
D01866,0.090909,0.081818,0.25,0.622471,0.426349,0,0.45,0.129192,0,0.25,0.588247,0.563103,0
D01885,0.090909,0.336364,0,0.596552,0.540331,0.574344,0.45,0.324728,0,0,0.748054,0.714983,0
D01888,0.090909,0.154545,0,0.645025,0.464855,0.539809,0.15,0.093257,0,0,0.444683,0.367484,0
D01900,0.181818,0.227273,0.125,0.431199,0.487387,0.681713,0.35,0.269378,0,0,0.467714,0.494377,0
D01907,0.272727,0.109091,0,0.302161,0.313941,0.451262,0.25,0.135527,0,0.75,0.641049,0.556673,0
D01911,0.090909,0.481818,0,0.59493,0.585256,0.570774,0.5,0.444897,0,0,0.758817,0.758285,0
D01915,0.181818,0.245455,0.125,0.403114,0.53826,0.556,0.5,0.290826,0,0.5,0.725432,0.56067,0
D01918,0.181818,0.190909,0.125,0.339928,0.676888,0.576928,0.55,0.248877,0,0,0.603827,0.530442,0
D01966,0.090909,0.181818,0,0.514141,0.340385,0.570052,0.5,0.224052,0,0,0.630897,0.581145,0
D01968,0.454545,0.081818,0,0.369362,0.442756,0.672407,0.2,0.066289,0,0.25,0.354076,0.463469,0
D01973,0.090909,0.236364,0.125,0.730395,0.406672,0.596074,0.45,0.184131,0,0,0.662398,0.543236,0
D01974,0.090909,0.163636,0.125,0.427449,0.529206,0.558024,0.35,0.138963,0,0.25,0.691283,0.527939,0
D01977,0.090909,0.218182,0,0.601043,0.426349,0,0.4,0.267346,0,0.5,0.657047,0.544301,0
D01981,0.090909,0.318182,0,0.477663,0.368274,0.678693,0.35,0.340164,0.5,0,0.505569,0.548666,0
D01984,0.090909,0.163636,0.125,0.656237,0.663566,0.558758,0.4,0.16669,0,0.5,0.66541,0.520464,0
D02008,0.090909,0.163636,0,0.549425,0.497517,0.541337,0.45,0.151223,0,0,0.768036,0.647732,0
D02017,0.090909,0.063636,0,0.343,0.897697,0.336963,0.2,0.038242,0,0.25,0.431112,0.432902,0
D02042,0.090909,0.081818,0,0.579592,0.583484,0.534743,0.35,0.104271,0,0.25,0.678028,0.483199,0
D02068,0.090909,0.118182,0,0.530047,0.508942,0.62935,0.25,0.059879,0,0.25,0.631597,0.450597,0
D02110,0.181818,0.136364,0,0.616773,0.426349,0,0.45,0.172415,0,0,0.639339,0.558169,0
D02115,0.272727,0.190909,0,0.350484,0.632038,0.623156,0.55,0.290826,0,1,0.686317,0.549083,0
D02166,0.090909,0.263636,0,0.585099,0.356986,0.65573,0.4,0.30084,0,0,0.685713,0.595242,0
D02168,0.090909,0.209091,0,0.533351,0.699405,0.500829,0.45,0.172238,0,0.25,0.802993,0.660402,0
D02173,0.090909,0.190909,0,0.676179,0.507686,0.494681,0.2,0.090837,0,0,0.631973,0.594678,0
D02176,0.181818,0.136364,0,0.550738,0.572842,0.474492,0.05,0.060543,0,0,0.122853,0.210658,0
D02193,0.090909,0.2,0.125,0.395747,0.781213,0.452535,0.05,0.124817,0,0,0.193491,0.302326,0
D02194,0.272727,0.236364,0.125,0.336104,0.403345,0.730762,0.2,0.222188,0,0,0.354644,0.463677,1
D02214,0.090909,0.263636,0,0.587374,0.579728,0.561283,0.45,0.258462,0,0,0.744788,0.697822,0
D02229,0.090909,0.272727,0.125,0.592014,0.708517,0.592143,0.45,0.241444,0,0.25,0.683571,0.619997,0
D02258,0.181818,0.309091,0,0.548894,0.464299,0.603856,0.65,0.384859,0,0,0.714422,0.634478,0
D02267,0.363636,0.018182,0,0.241004,0,1,0.1,0,0,0,0.046596,0.109952,0
D02289,0.090909,0.281818,0,0.615908,0.628307,0.569473,0.15,0.110111,0,0,0.544444,0.647512,0
D02290,0.181818,0.109091,0,0.45074,0.487735,0.504664,0.35,0.121734,0,0,0.631042,0.425213,0
D02304,0.181818,0.136364,0,0.309774,0.402002,0.865043,0.05,0.10374,0,0,0.101539,0.099739,0
D02308,0.272727,0.027273,0,0.215674,0.508081,0.788447,0.15,0.055363,0,0,0.122853,0.013,0
D02315,0.181818,0.3,0,0.432904,0.149026,0.781031,0.1,0.403498,0,0,0.262692,0.187818,0
D02321,0.090909,0.163636,0.125,0.537202,0.298839,0.629243,0.6,0.190098,0,0.25,0.793392,0.568489,0
D02323,0.181818,0.118182,0.125,0.493863,0.726421,0.314758,0.35,0.16669,0,0,0.677809,0.538989,0
D02328,0.181818,0.1,0.125,0.487354,0.640873,0.411757,0.5,0.186012,0,0.25,0.715901,0.585068,0
D02333,0.090909,0.527273,0,0.508489,0.764066,0.606561,1,0.650886,0,0,0.762473,0.804411,0
D02335,0.090909,0.063636,0,0.646877,0.629073,0.483585,0.3,0.0472,0,0,0.511896,0.400832,0
D02341,0.181818,0.090909,0,0.632073,0.426349,0,0.35,0.126972,0,0,0.544272,0.448716,0
D02342,0.090909,0.281818,0,0.653605,0.383123,0.663544,0.15,0.279332,0,0,0.435833,0.353338,0
D02350,0.181818,0.118182,0,0.443035,0.470999,0.61009,0.35,0.135679,0,0,0.549013,0.39071,0
D02355,0.181818,0.127273,0,0.532723,0.664482,0.554246,0.35,0.126972,0,0,0.559736,0.447587,0
D02356,0.090909,0.345455,0,0.747871,0.542467,0.449738,0.3,0.336618,0,0,0.545058,0.550598,0
D02368,0.090909,0.090909,0,0.473811,0.471496,0.577051,0.15,0.088206,0,0,0.429481,0.502625,0
D02375,0.090909,0.227273,0,0.799503,0.528058,0.464255,0.3,0.182867,0,0,0.606933,0.43373,0
D02418,0.090909,0.190909,0,0.380505,0.722257,0.430844,0.2,0.0922,0,0,0.575424,0.567977,0
D02441,0.090909,0.081818,0.25,0.443979,0.742511,0.570929,0.3,0.075709,0,0.25,0.611011,0.439524,0
D02451,0.090909,0.109091,0,0.694454,0.335392,0.544866,0.25,0.092205,0,0.25,0.582926,0.449793,0
D02487,0.090909,0.136364,0,0.59133,0.426349,0,0.25,0.148282,0,0,0.445043,0.326023,0
D02556,0.090909,0.145455,0.125,0.625274,0.468117,0.496149,0.5,0.229777,0,0.75,0.719962,0.58799,0
D02558,0.090909,0.2,0,0.381109,0.660319,0.453725,0.2,0.151402,0,0,0.439496,0.378816,0
D02559,0.090909,0.109091,0,0.383316,0.512507,0.556629,0.2,0.080605,0,0,0.444584,0.401636,0
D02560,0.090909,0.145455,0,0.603997,0.426349,0,0.2,0.098193,0,0,0.541313,0.472261,0
D02561,0.090909,0.154545,0,0.609645,0.426349,0,0.2,0.151402,0,0,0.391611,0.356864,0
D02562,0.090909,0.118182,0,0.603581,0.262242,0.609123,0.15,0.069802,0,0,0.437301,0.361632,0
D02563,0.090909,0.154545,0,0.482677,0.555306,0.403321,0.2,0.192063,0,0,0.508827,0.474797,0
D02564,0.090909,0.118182,0,0.774836,0.202498,0.513154,0.15,0.099818,0,0,0.353392,0.223195,0
D02566,0.090909,0.2,0,0.819,0.421981,0.484079,0.3,0.107294,0,0,0.676534,0.586796,0
D02579,0.090909,0.118182,0,0.613053,0.478504,0.68826,0.2,0.101401,0,0.25,0.354174,0.259108,0
D02580,0.090909,0.118182,0,0.717786,0.471312,0.673384,0.3,0.131487,0,0.25,0.443159,0.356142,0
D02581,0.090909,0.154545,0,0.529034,0.386762,0.49061,0.35,0.210882,0,0,0.585942,0.486564,0
D02655,0.090909,0.163636,0,0.67359,0.815991,0.670001,0.3,0.16379,0,0.5,0.647224,0.488483,0
D02671,0.090909,0.236364,0.25,0.800452,0.454263,0.575167,0.35,0.178233,0,0,0.673782,0.549675,0
D02698,0.090909,0.281818,0.125,0.597362,0.370888,0.488151,0.45,0.312181,0,0,0.732897,0.723952,0
D02709,0.090909,0.118182,0.125,0.50311,0.449068,0.546578,0.5,0.132863,0,0.25,0.75551,0.512658,0
D02729,0.090909,0.236364,0,0.642498,0.473237,0.456381,0.35,0.262877,0,0,0.545047,0.454437,0
D02731,0.090909,0.290909,0.125,0.554619,0.714635,0.632614,0.45,0.258454,0,0.25,0.67329,0.62331,0
D02756,0.090909,0.481818,0,0.59493,0.585256,0.570774,0.5,0.444897,0,0,0.758817,0.758285,0
D02769,0.272727,0.118182,0,0.33794,0.287015,0.56298,0.25,0.129192,0,0.75,0.625924,0.544232,0
D02835,0.181818,0.072727,0,0.438456,0.473493,0.49788,0.4,0.094532,0,0,0.691994,0.526025,0
D03012,0.090909,0.381818,0.125,0.280755,0.760716,0.493245,0.45,0.300733,0,0,0.598027,0.590782,0
D03034,0.272727,0.136364,0,0.300292,0.34828,0.821104,0.1,0.178907,0,0,0.175488,0.115114,0
D03077,0.272727,0.218182,0,0.414122,0.395146,0.698051,0.45,0.258002,0,0,0.566263,0.524245,0
D03115,0.090909,0.154545,0.125,0.57264,0.527812,0.540902,0.35,0.120883,0,0.25,0.633044,0.497119,0
D03218,0.090909,0.154545,0.125,0.602828,0.502752,0.54443,0.6,0.225498,0,0.5,0.743266,0.531167,0
D03350,0.090909,0.227273,0,0.597117,0.426349,0,0.5,0.309641,0,0.5,0.674883,0.558695,0
D03433,0.090909,0.190909,0,0.524823,0.377843,0.807267,0.05,0.10931,0,0,0.353865,0.468617,0
D03440,0.272727,0.3,0,0.371942,0.383831,0.712594,0.3,0.309866,0,0,0.442396,0.499943,0
D03601,0.090909,0.2,0,0.410459,0.619332,0.666631,0.1,0.098193,0,0,0.337177,0.437103,0
D03643,0.090909,0.272727,0,0.519151,0.717443,0.498416,0.3,0.179809,0,0,0.61184,0.570887,0
D03670,0.090909,0.436364,0,0.534911,0.392058,0.798422,0.25,0.63277,0,0,0.368364,0.431334,0
D03689,0.090909,0.118182,0.125,0.575126,0.371261,0.497271,0.5,0.184131,0,0.25,0.793686,0.555517,0
D03710,0.090909,0.127273,0.125,0.609843,0.426349,0,0.55,0.155479,0,0.5,0.680347,0.517449,0
D03712,0.090909,0.172727,0.125,0.549147,0.538241,0.574051,0.35,0.120163,0,0,0.594039,0.550144,1
D03714,0.181818,0.109091,0,0.599055,0.426349,0,0.35,0.145146,0,0,0.545584,0.444277,0
D03716,0.090909,0.154545,0.125,0.52268,0.613366,0.569201,0.55,0.189744,0,0.25,0.764977,0.538904,0
D03717,0.090909,0.154545,0.125,0.52268,0.613366,0.569201,0.55,0.189744,0,0.25,0.764977,0.538904,0
D03720,0.090909,0.2,0,0.623801,0.426349,0,0.65,0.226926,0,0.25,0.733485,0.645888,0
D03722,0.090909,0.290909,0,0.439531,0.358069,0.671188,0.35,0.328042,0.5,0,0.470147,0.495337,0
D03728,0.181818,0.3,0.125,0.417645,0.446438,0.61666,0.55,0.334427,0.5,0,0.603782,0.603877,1
D03731,0.090909,0.154545,0,0.785601,0.314496,0.576279,0.15,0.122786,0,0,0.366905,0.276604,0
D03733,0.090909,0.118182,0,0.528513,0.369656,0.493851,0.2,0.122786,0,0,0.387504,0.270702,0
D03734,0.090909,0.518182,0,0.473228,0.861915,0.545597,0.45,0.384801,0,0,0.677041,0.654311,0
D03735,0.090909,0.354545,0.125,0.401764,0.427716,0.599709,0.6,0.468478,0,0.25,0.644768,0.576195,0
D03736,0.090909,0.336364,0,0.55691,0.568946,0.587585,0.55,0.321954,0,0.25,0.677257,0.613187,0
D03738,0.090909,0.509091,0,0.486224,0.487251,0.710371,0.4,0.501662,0,0.25,0.555451,0.58979,0
D03741,0.090909,0.672727,0,0.422345,0.568304,0.670993,0.7,0.737532,0,0.5,0.583342,0.680488,0
D03743,0.090909,0.427273,0.125,0.469682,0.289029,0.697203,0.35,0.489223,0,0,0.503604,0.564576,0
D03751,0.090909,0.227273,0,0.688933,0.400471,0.639984,0.4,0.190098,0,0.25,0.678475,0.555582,0
D03752,0.181818,0.272727,0,0.444312,0.463109,0.65793,0.45,0.30084,0,0,0.565744,0.544522,0
D03753,0.181818,0.290909,0,0.393463,0.503055,0.776288,0.15,0.230056,0,0,0.416241,0.527413,0
D03756,0.181818,0.309091,0,0.469839,0.442717,0.719019,0.3,0.281569,0,0,0.481771,0.555126,0
D03758,0.272727,0.236364,0,0.387204,0.454078,0.742781,0.3,0.245783,0,0,0.534625,0.497154,0
D03760,0.181818,0.2,0,0.407686,0.617986,0.645331,0.3,0.192063,0,0,0.524999,0.516703,0
D03763,0.181818,0.236364,0.125,0.403534,0.61991,0.64826,0.15,0.182867,0,0,0.327602,0.438625,0
D03765,0.181818,0.272727,0.25,0.479327,0.576132,0.633585,0.3,0.267346,0,0,0.476281,0.56201,0
D03767,0.181818,0.2,0.25,0.472929,0.423258,0.605084,0.45,0.258002,0,0,0.524161,0.51904,0
D03769,0.272727,0.218182,0,0.386831,0.442256,0.743203,0.3,0.225953,0,0,0.442396,0.471261,0
D03772,0.272727,0.3,0,0.488966,0.27108,0.722678,0.3,0.262577,0,0,0.46749,0.529463,0
D03773,0.272727,0.236364,0,0.417084,0.43768,0.674433,0.45,0.262577,0,0,0.561385,0.536162,0
D03775,0.272727,0.236364,0.25,0.409297,0.554903,0.654593,0.3,0.230713,0,0,0.476895,0.554381,0
D03776,0.181818,0.163636,0.25,0.532277,0.363017,0.597886,0.25,0.16379,0,0,0.451798,0.462527,0
D03778,0.090909,0.109091,0,0.694454,0.335392,0.544866,0.25,0.092205,0,0.25,0.582926,0.449793,0
D03781,0.090909,0.109091,0,0.630041,0.426349,0,0.45,0.132863,0,0.5,0.637275,0.516051,0
D03784,0.090909,0.109091,0,0.630041,0.426349,0,0.45,0.132863,0,0.5,0.637275,0.516051,0
D03787,0.090909,0.136364,0.125,0.46451,0.583482,0.53502,0.25,0.110422,0,0,0.554816,0.50813,0
D03788,0.181818,0.190909,0.125,0.339928,0.676888,0.576928,0.55,0.248877,0,0,0.603827,0.530442,0
D03798,0.090909,0.1,0,0.473639,0.512462,0.554793,0.5,0.151325,0,0,0.672336,0.563253,0
D03803,0.181818,0.090909,0.125,0.614793,0.548869,0.500878,0.45,0.157572,0,0.25,0.758378,0.576581,0
D03805,0.090909,0.090909,0,0.620284,0.426349,0,0.5,0.161126,0,0,0.640037,0.631959,0
D03806,0.181818,0.1,0,0.615728,0.426349,0,0.45,0.16669,0,0,0.615899,0.521505,0
D03807,0.181818,0.090909,0,0.614072,0.426349,0,0.45,0.178233,0,0,0.603137,0.556737,0
D03816,0.181818,0.354545,0,0.458313,0.545282,0.647372,0.2,0.267346,0,0,0.502889,0.551863,0
D03822,0.090909,0.2,0,0.381109,0.660319,0.453725,0.2,0.151402,0,0,0.439496,0.378816,0
D03823,0.090909,0.245455,0,0.454553,0.618291,0.467549,0.35,0.152631,0,0,0.637071,0.625861,0
D03826,0.090909,0.190909,0,0.380505,0.722257,0.430844,0.2,0.0922,0,0,0.575424,0.567977,0
D03828,0.272727,0.181818,0,0.327646,0.523614,0.597482,0.5,0.267346,0,0,0.620951,0.542166,0
D03829,0.181818,0.245455,0,0.347719,0.532964,0.716654,0.15,0.202343,0.5,0,0.37337,0.500513,0
D03882,0.090909,0.227273,0,0.602753,0.54055,0.545308,0.2,0.27917,0,0,0.450838,0.436409,0
D03899,0.090909,0.263636,0,0.587374,0.579728,0.561283,0.45,0.258462,0,0,0.744788,0.697822,0
D04024,0.090909,0.236364,0.125,0.606884,0.426349,0,0.75,0.339731,0,0.5,0.717383,0.599009,0
D04025,0.090909,0.2,0,0.578911,0.491831,0.44763,0.55,0.309641,0,0.75,0.652575,0.525068,0
D04028,0.090909,0.472727,0,0.48639,0.321432,0.736268,0.15,0.508008,0,0,0.4018,0.483801,0
D04029,0.090909,0.181818,0,0.566751,0.70519,0.489796,0.6,0.271545,0,0.75,0.823035,0.640359,0
D04031,0.090909,0.127273,0,0.543274,0.660031,0.562755,0.5,0.151223,0,0.25,0.79857,0.659662,0
D04197,0.090909,0.090909,0,0.486063,0.357198,0.593646,0.15,0.092205,0,0,0.392188,0.449188,0
D04292,0.090909,0.190909,0,0.676179,0.507686,0.494681,0.2,0.090837,0,0,0.631973,0.594678,0
D04966,0.090909,0.090909,0,0.168159,0.795724,0.265702,0.1,0.054898,1,0,0.097607,0.114491,0
D04983,0.181818,0.1,0.125,0.315703,0.12126,0.792672,0.05,0.079306,0,0,0.078214,0.07995,0
D05341,0.181818,0.281818,0,0.401587,0.158122,0.795886,0.05,0.350573,0,0,0.211681,0.164569,0
D05407,0.090909,0.127273,0,0.445456,0.437371,0.576751,0.2,0.121734,0,0.25,0.508451,0.443793,0
D05458,0.090909,0.136364,0,0.482097,0.640639,0.62153,0.15,0.046404,0,0,0.310985,0.252152,0
D06238,0.090909,0.2,0,0.486429,0.747418,0.425865,0.4,0.207446,0,0.5,0.689882,0.546864,0
