Protein,Drug,ED,MD,WC,WQ,WG,YH,AI,FL,EM,TM,CW,EW,FW,MY,CV,NH,NF,MATS3c,MATS5v,GATS2c,GATS5c,nBase,Kier1,nAtomP,MLFER_BO,MPC6,nFRing,nF8HeteroRing,RotBtFrac,GGI6,JGI10,JGT,MWC9,WPATH,'Class Label'
hsa_81033,D00294,0.003021,0,0,0,0.001007,0.001007,0.005035,0.008056,0.001007,0,0.001007,0,0.001007,0.002014,0.001007,0,0.003021,0.686336,0.740178,0.263516,0.459139,0.4,0.094791,0.6,0.334257,0.132075,0.015152,0,0.097222,0.045094,0,0.745366,0.631611,0.007488,Interactive
hsa_3767,D00379,0.007712,0,0,0,0.002571,0.002571,0.005141,0.010283,0,0.002571,0,0,0,0,0.002571,0,0,0.572224,0.942049,0.305153,0.572318,0.2,0.212341,0.7,0.022168,0.147799,0,0,0.242424,0.14781,0.416996,0.48784,0.614479,0.029656,Interactive
hsa_8913,D00512,0.002562,0.001708,0.000854,0,0.001708,0.001281,0.003416,0.003843,0.002989,0.000854,0,0.000427,0.000854,0.000854,0.000854,0.000427,0.002989,0.475011,0.673317,0.179462,0.502528,0.4,0.153974,0.3,0.618982,0.207547,0,0,0.107143,0.104814,0,0.317891,0.735649,0.017859,Interactive
hsa_9177,D00633,0.004545,0,0,0,0.002273,0.004545,0.004545,0.015909,0,0,0,0.004545,0,0,0,0,0,0.845319,0.591438,0.229047,0.420798,0,0.070307,0.4,0.146519,0.044025,0,0,0.431818,0.030165,0,0.448735,0.421324,0.004279,Interactive
hsa_3760,D02356,0.004,0,0,0,0.002,0,0.002,0.01,0.002,0,0,0,0,0,0.002,0,0.002,0.873125,0.660895,0.529463,0.470891,0.4,0.416452,0.4,0.35123,0.257862,0,0,0.571078,0.371725,0.381625,0.541931,0.754651,0.109411,Interactive
hsa_6336,D00538,0.00665,0.001023,0.000512,0.000512,0,0,0.002558,0.004604,0.001535,0.001023,0.000512,0.000512,0.001535,0.001535,0.002558,0.000512,0.002558,0.385204,0.62356,0.222015,0.39764,0,0.094791,0.45,0.214063,0.113208,0.015152,0,0.166667,0.053626,0,0.520382,0.589399,0.008231,Interactive
hsa_6328,D00775,0.004615,0.00359,0.000513,0,0,0.000513,0.005128,0.005641,0.004103,0.00359,0.001026,0.001026,0.000513,0.001538,0.002051,0,0.003077,0.520836,0.606828,0.097668,0.472783,0,0.111442,0.55,0.322134,0.125786,0.015152,0,0.348958,0.115461,0,0.692239,0.59847,0.010489,Interactive
hsa_3737,D00616,0.008451,0,0,0,0,0,0.011268,0.002817,0.002817,0,0,0,0,0.002817,0,0,0,0.82656,0.786411,0.465108,0.43132,0.4,0.320671,0.45,0.491514,0.380503,0.015152,0,0.327957,0.407153,0.381036,0.384784,0.764028,0.061243,Interactive
hsa_2554,D06106,0.006593,0.004396,0,0,0,0,0,0,0,0.006593,0,0.002198,0.002198,0,0,0,0,0.37003,0.66866,0.228593,0.521963,0,0.172873,0.4,0.530655,0.110063,0,0,0.387255,0.083181,0,0.667763,0.665634,0.01355,Interactive
hsa_6332,D00552,0.004759,0.00119,0.000595,0.000595,0,0.000595,0.002974,0.010113,0.00238,0.00119,0.000595,0.000595,0,0.00238,0.00119,0,0.004164,0.723718,0.683945,0.26128,0.520629,0,0.087363,0.5,0.275719,0.050314,0,0,0.392361,0.037782,0,0.416807,0.428052,0.005794,Interactive
hsa_6338,D00775,0.00313,0.001565,0,0.001565,0.00313,0,0.001565,0.00313,0.001565,0.001565,0.001565,0.001565,0.001565,0,0,0.00313,0.007825,0.520836,0.606828,0.097668,0.472783,0,0.111442,0.55,0.322134,0.125786,0.015152,0,0.348958,0.115461,0,0.692239,0.59847,0.010489,Interactive
hsa_2900,D00775,0.001047,0.003141,0,0.002094,0,0,0.004188,0.006283,0.002094,0.002094,0,0.002094,0,0.001047,0.003141,0.001047,0.001047,0.520836,0.606828,0.097668,0.472783,0,0.111442,0.55,0.322134,0.125786,0.015152,0,0.348958,0.115461,0,0.692239,0.59847,0.010489,Interactive
hsa_6331,D00708,0.005462,0.002979,0.000497,0,0,0.000497,0.002979,0.005958,0.003972,0.00149,0.00149,0.000497,0.000497,0.00149,0.002483,0.000497,0.003972,0.564242,0.720287,0.220597,0.557724,0,0.111442,0.3,0.383443,0.113208,0,0,0.153646,0.05151,0,0.35102,0.611778,0.010014,Interactive
hsa_3751,D00294,0.00318,0,0,0.00159,0,0.00318,0.006359,0.00159,0,0.006359,0,0,0.00159,0,0.004769,0.00159,0.00318,0.686336,0.740178,0.263516,0.459139,0.4,0.094791,0.6,0.334257,0.132075,0.015152,0,0.097222,0.045094,0,0.745366,0.631611,0.007488,Interactive
hsa_2557,D00549,0,0.005425,0,0,0,0,0.001808,0.001808,0.003617,0.007233,0,0,0.001808,0,0,0.001808,0.001808,0.768745,0.540755,0.1976,1,0,0.104439,0.35,0.16176,0.059748,0,0,0.519231,0,0,0.48146,0.527792,0.006478,Interactive
hsa_3757,D02092,0.002591,0.001727,0,0,0.001727,0.000864,0.003454,0.006045,0,0,0,0,0.001727,0.001727,0.000864,0.001727,0.002591,0.662932,0.740178,0.25736,0.264099,0.4,0.371257,0.55,0.589886,0.261006,0,0,0.417892,0.226996,0.434205,0.430899,0.730327,0.10531,Interactive
hsa_6340,D02356,0.003086,0,0,0.003086,0,0,0.001543,0.001543,0.001543,0,0,0.00463,0,0.001543,0.001543,0,0.003086,0.873125,0.660895,0.529463,0.470891,0.4,0.416452,0.4,0.35123,0.257862,0,0,0.571078,0.371725,0.381625,0.541931,0.754651,0.109411,Interactive
hsa_5024,D00528,0,0.002525,0.002525,0,0,0,0.002525,0.005051,0,0,0,0,0,0,0.005051,0,0.010101,0.689399,0.324705,0.334892,0.434875,0,0.094791,0.55,0.425701,0.144654,0.015152,0,0.166667,0,0,0.438183,0.665984,0.007191,Interactive
hsa_8645,D02272,0.004016,0,0,0,0.002008,0.004016,0.01004,0.004016,0,0,0,0,0,0,0.002008,0,0,0.779646,0.782608,0.415382,0.474388,0.4,0.213377,0.55,0.435746,0.352201,0.060606,0,0.189815,0.181901,0.733973,0.311342,0.768751,0.037738,Interactive
hsa_1139,D02204,0.001996,0.001996,0.001996,0,0,0.001996,0,0.003992,0.001996,0.003992,0,0.003992,0,0,0.005988,0,0.001996,0.636121,0.734292,1,0.319378,0.4,0.154675,0,0.02771,0.025157,0,0,1,0.076173,0,0.797031,0.371035,0.011203,Interactive
hsa_6331,D00735,0.005462,0.002979,0.000497,0,0,0.000497,0.002979,0.005958,0.003972,0.00149,0.00149,0.000497,0.000497,0.00149,0.002483,0.000497,0.003972,0.66007,0.795327,0.477939,0.423205,0.4,0.212341,0.45,0.240042,0.125786,0,0,0.38447,0.106338,0.190813,0.146107,0.559116,0.033875,Interactive
hsa_6336,D02356,0.00665,0.001023,0.000512,0.000512,0,0,0.002558,0.004604,0.001535,0.001023,0.000512,0.000512,0.001535,0.001535,0.002558,0.000512,0.002558,0.873125,0.660895,0.529463,0.470891,0.4,0.416452,0.4,0.35123,0.257862,0,0,0.571078,0.371725,0.381625,0.541931,0.754651,0.109411,Interactive
hsa_1134,D05156,0.004386,0.002193,0,0,0,0.002193,0.008772,0.004386,0,0.006579,0,0.004386,0,0,0,0,0.002193,0.661836,0.663534,0.602924,0.35488,0.4,0.061728,0.3,0.155178,0.066038,0,0,0.11859,0.024054,0,0.095503,0.510219,0.0052,Interactive
hsa_2564,D00293,0,0.00198,0.00198,0.00198,0,0,0.00198,0.00198,0.00198,0.005941,0,0.00198,0.00198,0,0,0,0.005941,0.696871,0.740178,0.268818,0.345904,0,0.170441,0.85,0.415656,0.257862,0.015152,0,0.100379,0.182866,0,0.276866,0.694523,0.021098,Interactive
hsa_3741,D00364,0.004902,0,0,0,0,0.001634,0.00817,0.001634,0,0.001634,0,0,0.001634,0,0.001634,0,0.001634,0.696762,0.740178,0.249054,0.33253,0,0.262605,0.7,0.414964,0.393082,0.045455,0,0.131944,0.245057,0.549362,0.277027,0.770547,0.05218,Interactive
hsa_6338,D00252,0.00313,0.001565,0,0.001565,0.00313,0,0.001565,0.00313,0.001565,0.001565,0.001565,0.001565,0.001565,0,0,0.00313,0.007825,0.539776,0.58873,0.143227,0.4654,0,0.137575,0.9,0.235192,0.22956,0.045455,0,0.0625,0.085348,0,0.141081,0.683386,0.015006,Interactive
hsa_3762,D00294,0.002392,0.002392,0,0,0.002392,0,0.002392,0.004785,0.004785,0.002392,0,0.002392,0.002392,0,0.002392,0,0,0.686336,0.740178,0.263516,0.459139,0.4,0.094791,0.6,0.334257,0.132075,0.015152,0,0.097222,0.045094,0,0.745366,0.631611,0.007488,Interactive
hsa_3758,D00294,0,0,0,0,0.002564,0.002564,0.005128,0.010256,0,0,0,0,0,0,0.005128,0.002564,0.007692,0.686336,0.740178,0.263516,0.459139,0.4,0.094791,0.6,0.334257,0.132075,0.015152,0,0.097222,0.045094,0,0.745366,0.631611,0.007488,Interactive
hsa_3768,D02356,0.00463,0.002315,0,0,0.002315,0,0.002315,0.011574,0,0.002315,0,0,0.002315,0,0.006944,0,0,0.873125,0.660895,0.529463,0.470891,0.4,0.416452,0.4,0.35123,0.257862,0,0,0.571078,0.371725,0.381625,0.541931,0.754651,0.109411,Interactive
hsa_6328,D02087,0.004615,0.00359,0.000513,0,0,0.000513,0.005128,0.005641,0.004103,0.00359,0.001026,0.001026,0.000513,0.001538,0.002051,0,0.003077,0.625363,0.805269,0.375807,0.463268,0.4,0.312239,0.95,0.415656,0.380503,0.045455,0,0.242424,0.293723,0.368375,0.23174,0.772345,0.073812,Interactive
hsa_3784,D02356,0.002963,0,0,0,0.005926,0.001481,0.002963,0.007407,0,0,0,0,0.001481,0,0.001481,0,0.001481,0.873125,0.660895,0.529463,0.470891,0.4,0.416452,0.4,0.35123,0.257862,0,0,0.571078,0.371725,0.381625,0.541931,0.754651,0.109411,Interactive
hsa_6337,D00538,0.001497,0.001497,0,0.001497,0.001497,0,0.001497,0.001497,0.001497,0.001497,0,0.002994,0.001497,0.002994,0,0,0.001497,0.385204,0.62356,0.222015,0.39764,0,0.094791,0.45,0.214063,0.113208,0.015152,0,0.166667,0.053626,0,0.520382,0.589399,0.008231,Interactive
hsa_8973,D00499,0.004184,0.002092,0,0,0,0,0.004184,0.012552,0,0.004184,0,0.002092,0.002092,0,0.006276,0,0,0.302478,0.603445,0.163461,0.485726,0,0.15575,0.4,0.322134,0.100629,0,0,0.414063,0.037782,0,0.742595,0.654677,0.011351,Interactive
hsa_6335,D03991,0.006073,0.002024,0.000506,0,0,0,0.003543,0.006073,0.00253,0.001518,0.000506,0.000506,0.000506,0.001518,0.00253,0.000506,0.003036,0.711999,0.848348,0.43036,0.354788,0.4,0.270287,0.8,0.31001,0.204403,0,0,0.293155,0.137416,0.317629,0.27711,0.668684,0.055062,Interactive
hsa_6336,D00512,0.00665,0.001023,0.000512,0.000512,0,0,0.002558,0.004604,0.001535,0.001023,0.000512,0.000512,0.001535,0.001535,0.002558,0.000512,0.002558,0.475011,0.673317,0.179462,0.502528,0.4,0.153974,0.3,0.618982,0.207547,0,0,0.107143,0.104814,0,0.317891,0.735649,0.017859,Interactive
hsa_3742,D00294,0.007576,0,0,0,0,0.001894,0.00947,0.005682,0.001894,0.001894,0,0,0.001894,0.001894,0,0,0.001894,0.686336,0.740178,0.263516,0.459139,0.4,0.094791,0.6,0.334257,0.132075,0.015152,0,0.097222,0.045094,0,0.745366,0.631611,0.007488,Interactive
hsa_3766,D02356,0,0,0,0,0.002646,0.002646,0.005291,0.013228,0,0,0,0,0,0,0.002646,0.002646,0,0.873125,0.660895,0.529463,0.470891,0.4,0.416452,0.4,0.35123,0.257862,0,0,0.571078,0.371725,0.381625,0.541931,0.754651,0.109411,Interactive
hsa_2557,D00530,0,0.005425,0,0,0,0,0.001808,0.001808,0.003617,0.007233,0,0,0.001808,0,0,0.001808,0.001808,0.507142,0.615038,0.326503,0.315689,0,0.220175,1,0.505369,0.264151,0.015152,0,0.208333,0.194411,0.686926,0.307769,0.728143,0.034261,Interactive
hsa_6324,D00538,0.004608295,0,0,0,0,0,0.004608295,0,0.004608295,0,0,0.004608295,0,0.004608295,0.004608295,0.004608295,0,0.385204,0.62356,0.222015,0.39764,0,0.094791,0.45,0.214063,0.113208,0.015152,0,0.166667,0.053626,0,0.520382,0.589399,0.008231,Interactive
hsa_3758,D02356,0,0,0,0,0.002564,0.002564,0.005128,0.010256,0,0,0,0,0,0,0.005128,0.002564,0.007692,0.873125,0.660895,0.529463,0.470891,0.4,0.416452,0.4,0.35123,0.257862,0,0,0.571078,0.371725,0.381625,0.541931,0.754651,0.109411,Interactive
hsa_2557,D00293,0,0.005425,0,0,0,0,0.001808,0.001808,0.003617,0.007233,0,0,0.001808,0,0,0.001808,0.001808,0.696871,0.740178,0.268818,0.345904,0,0.170441,0.85,0.415656,0.257862,0.015152,0,0.100379,0.182866,0,0.276866,0.694523,0.021098,Interactive
hsa_59284,D00437,0,0,0,0,0,0,0.00365,0.014599,0.00365,0,0,0,0,0.00365,0.00365,0,0,0.631866,0.669899,0.307511,0.679199,0,0.280165,0.55,0.409075,0.314465,0,0,0.399038,0.426874,0,0.389568,0.764045,0.03756,Interactive
hsa_783,D02356,0.006623,0,0,0,0,0,0.004967,0.003311,0,0,0,0.001656,0,0,0,0.006623,0,0.873125,0.660895,0.529463,0.470891,0.4,0.416452,0.4,0.35123,0.257862,0,0,0.571078,0.371725,0.381625,0.541931,0.754651,0.109411,Interactive
hsa_3786,D02356,0.006658,0.001332,0,0.001332,0.001332,0,0.005326,0.006658,0.001332,0.001332,0,0,0.001332,0,0,0.001332,0,0.873125,0.660895,0.529463,0.470891,0.4,0.416452,0.4,0.35123,0.257862,0,0,0.571078,0.371725,0.381625,0.541931,0.754651,0.109411,Interactive
hsa_2556,D00547,0.002037,0.004073,0,0,0,0,0.004073,0.002037,0.002037,0.004073,0,0,0.002037,0,0,0,0,0.693734,0.822292,0.350864,0.179814,0,0.120303,0,0.047454,0,0,0,1,0,0,0.949171,0.496332,0.005111,Interactive
hsa_6335,D01450,0.006073,0.002024,0.000506,0,0,0,0.003543,0.006073,0.00253,0.001518,0.000506,0.000506,0.000506,0.001518,0.00253,0.000506,0.003036,0.881892,0.737802,0.439324,0.648594,0.4,0.212341,0.45,0.210946,0.147799,0,0,0.38447,0.175198,0.285512,0.316916,0.633217,0.027992,Interactive
hsa_3741,D00642,0.004902,0,0,0,0,0.001634,0.00817,0.001634,0,0.001634,0,0,0.001634,0,0.001634,0,0.001634,0.779646,0.782608,0.415382,0.474388,0.4,0.213377,0.55,0.435746,0.352201,0.060606,0,0.189815,0.181901,0.733973,0.311342,0.768751,0.037738,Interactive
hsa_6336,D02098,0.00665,0.001023,0.000512,0.000512,0,0,0.002558,0.004604,0.001535,0.001023,0.000512,0.000512,0.001535,0.001535,0.002558,0.000512,0.002558,0.841839,0.715093,0.420057,0.379948,0.4,0.241425,0.55,0.349151,0.116352,0,0,0.652778,0.151737,0.444444,0.381847,0.564515,0.032924,Interactive
hsa_6336,D00552,0.00665,0.001023,0.000512,0.000512,0,0,0.002558,0.004604,0.001535,0.001023,0.000512,0.000512,0.001535,0.001535,0.002558,0.000512,0.002558,0.723718,0.683945,0.26128,0.520629,0,0.087363,0.5,0.275719,0.050314,0,0,0.392361,0.037782,0,0.416807,0.428052,0.005794,Interactive
hsa_2892,D00294,0.00224,0.00112,0,0.00112,0,0.00224,0.004479,0.005599,0.00224,0.00224,0,0.00112,0,0.00112,0.00112,0.00112,0.00112,0.686336,0.740178,0.263516,0.459139,0.4,0.094791,0.6,0.334257,0.132075,0.015152,0,0.097222,0.045094,0,0.745366,0.631611,0.007488,Interactive
hsa_6334,D00477,0.005676,0.00258,0.000516,0,0,0.000516,0.003096,0.006192,0.001548,0.001032,0.001032,0.000516,0.000516,0.001548,0.00258,0.000516,0.003612,0.729044,0.788844,0.383372,0.353347,0.4,0.172873,0.5,0.361621,0.075472,0,0,0.571078,0.09872,1,0.388004,0.489518,0.017888,Interactive
hsa_2570,D00293,0.002045,0.00409,0,0,0,0,0.00409,0.00818,0.002045,0.006135,0,0,0.002045,0,0,0,0.002045,0.696871,0.740178,0.268818,0.345904,0,0.170441,0.85,0.415656,0.257862,0.015152,0,0.100379,0.182866,0,0.276866,0.694523,0.021098,Interactive
hsa_2566,D00550,0.004292,0.006438,0,0,0,0,0.002146,0,0,0.002146,0,0,0.002146,0.002146,0,0,0.002146,0.693973,0.740178,0.262007,0.35595,0,0.197082,0.95,0.661933,0.36478,0.045455,0,0.11859,0.282196,0,0.268179,0.771043,0.03028,Interactive
hsa_8913,D00392,0.002562,0.001708,0.000854,0,0.001708,0.001281,0.003416,0.003843,0.002989,0.000854,0,0.000427,0.000854,0.000854,0.000854,0.000427,0.002989,0.645472,0,0.242769,0.230872,0,0.053277,0.3,0.255282,0.012579,0,0,0.270833,0,0,0.77555,0.540891,0.002615,Interactive
hsa_6335,D02086,0.006073,0.002024,0.000506,0,0,0,0.003543,0.006073,0.00253,0.001518,0.000506,0.000506,0.000506,0.001518,0.00253,0.000506,0.003036,0.843632,0.713968,0.456122,0.508234,0.4,0.172873,0.45,0.204018,0.072327,0,0,0.571078,0.128885,0,0.483476,0.537758,0.016046,Interactive
hsa_3784,D00831,0.002963,0,0,0,0.005926,0.001481,0.002963,0.007407,0,0,0,0,0.001481,0,0.001481,0,0.001481,0.784067,0.785539,0.2759,0.484474,0.2,0.270287,0.5,0.257707,0.355346,0.015152,0,0.36756,0.471054,0.855124,0.593023,0.783512,0.04383,Interactive
hsa_2560,D00293,0,0.004228,0,0,0,0,0.002114,0.004228,0.002114,0.008457,0,0,0.002114,0.004228,0,0,0,0.696871,0.740178,0.268818,0.345904,0,0.170441,0.85,0.415656,0.257862,0.015152,0,0.100379,0.182866,0,0.276866,0.694523,0.021098,Interactive
hsa_8645,D02356,0.004016,0,0,0,0.002008,0.004016,0.01004,0.004016,0,0,0,0,0,0,0.002008,0,0,0.873125,0.660895,0.529463,0.470891,0.4,0.416452,0.4,0.35123,0.257862,0,0,0.571078,0.371725,0.381625,0.541931,0.754651,0.109411,Interactive
hsa_55515,D00303,0.003008,0.001504,0,0,0.001504,0,0,0.003008,0,0,0,0,0,0,0,0.001504,0.004511,0.481989,0.672921,0.357305,0.437925,0.4,0.280165,0.3,0.383789,0.213836,0,0,0.479167,0.438757,0,0.435807,0.731367,0.040294,Interactive
hsa_27094,D00294,0.005814,0.005814,0,0,0,0,0.005814,0.005814,0,0,0,0,0,0,0,0,0,0.686336,0.740178,0.263516,0.459139,0.4,0.094791,0.6,0.334257,0.132075,0.015152,0,0.097222,0.045094,0,0.745366,0.631611,0.007488,Interactive
hsa_2554,D00545,0.006593,0.004396,0,0,0,0,0,0,0,0.006593,0,0.002198,0.002198,0,0,0,0,0.704934,0.740178,0.321295,0.003122,0,0.085931,0,0.056806,0,0,0,1,0,0,0.911987,0.363613,0.00318,Interactive
hsa_3782,D00816,0.004027,0.002685,0,0,0.001342,0.002685,0.005369,0.005369,0.001342,0,0,0,0.001342,0.001342,0,0.002685,0.004027,0.802818,0.654879,0.494039,0.267713,0.2,0.170441,0.7,0.06512,0.248428,0.045455,0,0.147727,0.091458,0,0.066847,0.675237,0.022078,Interactive
hsa_2555,D00711,0.004444,0.004444,0,0,0,0,0,0.004444,0,0.006667,0,0,0.002222,0,0,0,0,0.706551,0.740178,0.245818,0.612434,0.2,0.128153,0.3,0.178039,0.113208,0,0,0.203431,0.07404,0,0.407926,0.658688,0.011054,Interactive
hsa_6329,D00303,0.004905,0.00218,0.000545,0,0,0,0.00436,0.005995,0.003815,0.00327,0.000545,0.000545,0.000545,0.002725,0.00327,0.00109,0.00327,0.481989,0.672921,0.357305,0.437925,0.4,0.280165,0.3,0.383789,0.213836,0,0,0.479167,0.438757,0,0.435807,0.731367,0.040294,Interactive
hsa_27092,D02356,0.006135,0.003067,0,0,0,0,0.009202,0.006135,0,0.003067,0,0,0,0.003067,0,0.006135,0,0.873125,0.660895,0.529463,0.470891,0.4,0.416452,0.4,0.35123,0.257862,0,0,0.571078,0.371725,0.381625,0.541931,0.754651,0.109411,Interactive
hsa_55584,D05156,0.006276,0.002092,0,0,0,0,0.002092,0.002092,0,0.002092,0.002092,0.004184,0,0,0.004184,0,0,0.661836,0.663534,0.602924,0.35488,0.4,0.061728,0.3,0.155178,0.066038,0,0,0.11859,0.024054,0,0.095503,0.510219,0.0052,Interactive
hsa_3786,D00294,0.006658,0.001332,0,0.001332,0.001332,0,0.005326,0.006658,0.001332,0.001332,0,0,0.001332,0,0,0.001332,0,0.686336,0.740178,0.263516,0.459139,0.4,0.094791,0.6,0.334257,0.132075,0.015152,0,0.097222,0.045094,0,0.745366,0.631611,0.007488,Interactive
hsa_3790,D02356,0.010204,0,0,0,0.002041,0.002041,0.004082,0.002041,0,0,0.002041,0,0.002041,0,0.004082,0.002041,0.002041,0.873125,0.660895,0.529463,0.470891,0.4,0.416452,0.4,0.35123,0.257862,0,0,0.571078,0.371725,0.381625,0.541931,0.754651,0.109411,Interactive
hsa_169522,D00294,0.007353,0,0,0,0.001838,0,0.003676,0.003676,0.003676,0,0,0,0,0.001838,0,0,0.005515,0.686336,0.740178,0.263516,0.459139,0.4,0.094791,0.6,0.334257,0.132075,0.015152,0,0.097222,0.045094,0,0.745366,0.631611,0.007488,Interactive
hsa_51802,D00512,0,0,0,0.001984,0.001984,0,0.001984,0.005952,0.001984,0,0,0,0,0,0.003968,0.003968,0.005952,0.475011,0.673317,0.179462,0.502528,0.4,0.153974,0.3,0.618982,0.207547,0,0,0.107143,0.104814,0,0.317891,0.735649,0.017859,Interactive
hsa_6339,D00303,0.002497,0,0.001248,0.002497,0.002497,0.001248,0.001248,0.002497,0,0,0.001248,0.001248,0,0,0,0.001248,0,0.481989,0.672921,0.357305,0.437925,0.4,0.280165,0.3,0.383789,0.213836,0,0,0.479167,0.438757,0,0.435807,0.731367,0.040294,Interactive
hsa_2556,D00225,0.002037,0.004073,0,0,0,0,0.004073,0.002037,0.002037,0.004073,0,0,0.002037,0,0,0,0,0.695134,0.740178,0.262713,0.369887,0,0.180853,0.95,0.719432,0.345912,0.045455,0,0.083333,0.222764,0,0.206394,0.755003,0.027041,Interactive
hsa_6326,D01287,0.006986,0.002994,0.000499,0,0,0.000998,0.004491,0.005489,0.003992,0.002994,0.000998,0.000499,0.000998,0.001497,0.002495,0.000499,0.002495,0.881892,0.737802,0.439324,0.648594,0.4,0.212341,0.45,0.210946,0.147799,0,0,0.38447,0.175198,0.285512,0.316916,0.633217,0.027992,Interactive
hsa_773,D00618,0.006181,0.002208,0,0.000442,0.000442,0.000442,0.003974,0.004857,0.004857,0.000883,0,0.001766,0.000442,0.001766,0.001325,0.000442,0.002208,0.637648,0.69384,0.297732,0.814175,0,0.331196,0.55,0.416003,0.339623,0,0,0.461207,0.480195,0.213781,0.444653,0.774572,0.053428,Interactive
hsa_6323,D02098,0.005478,0.002988,0.000498,0,0,0.000996,0.003984,0.006972,0.003486,0.00249,0.000996,0.000498,0.000996,0.001494,0.00249,0.000996,0.002988,0.841839,0.715093,0.420057,0.379948,0.4,0.241425,0.55,0.349151,0.116352,0,0,0.652778,0.151737,0.444444,0.381847,0.564515,0.032924,Interactive
hsa_9254,D00512,0.007867,0.000874,0,0.001748,0,0.000874,0.002622,0.005245,0.001748,0.000874,0,0,0,0,0.001748,0.001748,0.004371,0.475011,0.673317,0.179462,0.502528,0.4,0.153974,0.3,0.618982,0.207547,0,0,0.107143,0.104814,0,0.317891,0.735649,0.017859,Interactive
hsa_1136,D00195,0.003968,0,0,0,0,0,0.005952,0.009921,0,0.005952,0,0.001984,0,0,0,0,0.001984,0.848662,0.665701,0.425893,0.446565,0.4,0.160726,0.4,0.321787,0.679245,0.287879,1,0.11859,0.199607,0,0.447324,0.894521,0.02401,Interactive
hsa_3747,D00294,0.004902,0,0,0,0.001634,0,0.001634,0.00817,0,0.003268,0.001634,0,0.003268,0.003268,0.001634,0,0.001634,0.686336,0.740178,0.263516,0.459139,0.4,0.094791,0.6,0.334257,0.132075,0.015152,0,0.097222,0.045094,0,0.745366,0.631611,0.007488,Interactive
hsa_9132,D00631,0.002882,0.002882,0,0.001441,0.001441,0.002882,0,0.007205,0,0.001441,0,0,0,0,0.001441,0,0,0.83989,0.733866,0.635463,0.698135,0.4,0.287056,0.35,0.27849,0.213836,0,0,0.389368,0.166074,0.472983,0.102819,0.661255,0.055835,Interactive
hsa_8911,D00629,0.005487,0.002286,0.000914,0,0.000457,0.000457,0.003658,0.003201,0.003201,0.000914,0,0,0,0.001372,0.001372,0.000457,0.003658,0.585647,0.654403,0.29757,0.653341,0,0.297163,0.55,0.409075,0.305031,0,0,0.421296,0.320536,0,0.427335,0.756183,0.04383,Interactive
hsa_8989,D00560,0.005367,0.003578,0,0.000894,0.000894,0,0.001789,0.010733,0.003578,0.001789,0,0.000894,0,0,0,0.000894,0.006261,0.620558,0.71479,0.331302,0.382334,0.4,0.354744,0.5,0.286457,0.383648,0.015152,0,0.205044,0.318082,0.499748,0.286325,0.797369,0.117226,Interactive
hsa_3744,D00351,0.003922,0.003922,0,0,0,0.001961,0.003922,0.001961,0.001961,0.003922,0,0,0.003922,0,0,0.001961,0.003922,0.532007,0.740178,0.224956,0.293059,0,0.387763,0.4,1,0.427673,0,0,0.244792,0.284904,0.330717,0.418573,0.819239,0.138947,Interactive
hsa_3758,D00380,0,0,0,0,0.002564,0.002564,0.005128,0.010256,0,0,0,0,0,0,0.005128,0.002564,0.007692,0.359452,0.861209,0.183994,0.650783,0,0.190003,0.65,0.210253,0.09434,0,0,0.479167,0.075868,0.64311,0.601561,0.561757,0.019879,Interactive
hsa_784,D00512,0.008282,0,0,0.00207,0,0,0.00207,0.004141,0,0,0,0,0,0.00207,0,0.004141,0.00207,0.475011,0.673317,0.179462,0.502528,0.4,0.153974,0.3,0.618982,0.207547,0,0,0.107143,0.104814,0,0.317891,0.735649,0.017859,Interactive
hsa_2563,D00225,0.002217,0.008869,0,0,0,0,0.006652,0.002217,0.002217,0.004435,0,0,0.004435,0,0,0.002217,0.004435,0.695134,0.740178,0.262713,0.369887,0,0.180853,0.95,0.719432,0.345912,0.045455,0,0.083333,0.222764,0,0.206394,0.755003,0.027041,Interactive
hsa_3779,D02356,0.005263,0,0,0,0,0.005263,0,0.005263,0,0.005263,0,0,0.005263,0,0,0,0,0.873125,0.660895,0.529463,0.470891,0.4,0.416452,0.4,0.35123,0.257862,0,0,0.571078,0.371725,0.381625,0.541931,0.754651,0.109411,Interactive
hsa_776,D00560,0.006422,0.000917,0.000459,0.001376,0.000459,0.000459,0.006422,0.004128,0.001835,0.000917,0.000459,0.000917,0.000459,0.000917,0.001835,0.00367,0.004128,0.620558,0.71479,0.331302,0.382334,0.4,0.354744,0.5,0.286457,0.383648,0.015152,0,0.205044,0.318082,0.499748,0.286325,0.797369,0.117226,Interactive
hsa_2554,D00543,0.006593,0.004396,0,0,0,0,0,0,0,0.006593,0,0.002198,0.002198,0,0,0,0,0.598036,0.740178,0.275627,0.53109,0,0.085931,0,0.074818,0,0,0,1,0,0,0.901293,0.382315,0.00309,Interactive
hsa_2569,D00499,0.004184,0.004184,0,0,0.002092,0,0.004184,0.008368,0.002092,0.004184,0,0,0.002092,0,0,0,0.002092,0.302478,0.603445,0.163461,0.485726,0,0.15575,0.4,0.322134,0.100629,0,0,0.414063,0.037782,0,0.742595,0.654677,0.011351,Interactive
hsa_1138,D00195,0.006424,0,0,0,0,0,0.004283,0.012848,0,0.002141,0.002141,0.004283,0,0,0,0,0,0.848662,0.665701,0.425893,0.446565,0.4,0.160726,0.4,0.321787,0.679245,0.287879,1,0.11859,0.199607,0,0.447324,0.894521,0.02401,Interactive
hsa_55515,D00649,0.003008,0.001504,0,0,0.001504,0,0,0.003008,0,0,0,0,0,0,0,0.001504,0.004511,0.625614,0.740178,0.266549,0.535804,0.6,0.138635,0.7,0.813994,0.084906,0,0,0.444444,0.075868,0,0.649424,0.552278,0.01046,Interactive
hsa_6324,D00512,0.004608295,0,0,0,0,0,0.004608295,0,0.004608295,0,0,0.004608295,0,0.004608295,0.004608295,0.004608295,0,0.475011,0.673317,0.179462,0.502528,0.4,0.153974,0.3,0.618982,0.207547,0,0,0.107143,0.104814,0,0.317891,0.735649,0.017859,Interactive
hsa_2554,D05461,0.006593,0.004396,0,0,0,0,0,0,0,0.006593,0,0.002198,0.002198,0,0,0,0,0.617881,0.658843,0.331855,0.427031,0.2,0.220175,0.75,0.569103,0.31761,0.015152,0,0.208333,0.234004,0.515901,0.414757,0.74844,0.032687,Interactive
hsa_2893,D00775,0.00222,0.00333,0,0,0.00222,0.00111,0.009989,0.006659,0.00111,0.00333,0,0.00222,0.00111,0.00111,0.00222,0.00111,0.00111,0.520836,0.606828,0.097668,0.472783,0,0.111442,0.55,0.322134,0.125786,0.015152,0,0.348958,0.115461,0,0.692239,0.59847,0.010489,Interactive
hsa_775,D02356,0.006083,0.001404,0,0.000936,0,0,0.005615,0.004679,0.002808,0.000468,0,0.000468,0,0.001404,0.00234,0.001872,0.002808,0.873125,0.660895,0.529463,0.470891,0.4,0.416452,0.4,0.35123,0.257862,0,0,0.571078,0.371725,0.381625,0.541931,0.754651,0.109411,Interactive
hsa_9311,D00552,0,0,0,0,0.001887,0,0.001887,0.007547,0.001887,0,0,0,0.001887,0,0,0,0.001887,0.723718,0.683945,0.26128,0.520629,0,0.087363,0.5,0.275719,0.050314,0,0,0.392361,0.037782,0,0.416807,0.428052,0.005794,Interactive
hsa_3776,D00642,0.002375,0,0,0,0,0,0.007126,0.004751,0,0,0,0.002375,0.002375,0,0.004751,0.004751,0,0.779646,0.782608,0.415382,0.474388,0.4,0.213377,0.55,0.435746,0.352201,0.060606,0,0.189815,0.181901,0.733973,0.311342,0.768751,0.037738,Interactive
hsa_773,D05024,0.006181,0.002208,0,0.000442,0.000442,0.000442,0.003974,0.004857,0.004857,0.000883,0,0.001766,0.000442,0.001766,0.001325,0.000442,0.002208,0.726062,0.635462,0.424195,0.490974,0.4,0.412366,0.45,0.428126,0.418239,0.030303,0,0.412393,0.442752,0.540546,0.46982,0.824904,0.129498,Interactive
hsa_3783,D00294,0,0.002347,0,0,0.002347,0,0.002347,0.00939,0.004695,0.002347,0,0,0,0,0.002347,0,0.002347,0.686336,0.740178,0.263516,0.459139,0.4,0.094791,0.6,0.334257,0.132075,0.015152,0,0.097222,0.045094,0,0.745366,0.631611,0.007488,Interactive
hsa_8973,D02207,0.004184,0.002092,0,0,0,0,0.004184,0.012552,0,0.004184,0,0.002092,0.002092,0,0.006276,0,0,0.824235,0.837119,0.458883,0.43552,0.6,0.489716,0.75,0.206096,0.798742,1,0,0.142157,0.755637,0.534849,0.453057,0.925671,0.186492,Interactive
hsa_60598,D02356,0.00304,0,0,0,0,0,0.00304,0.009119,0,0,0,0,0,0,0.00304,0,0,0.873125,0.660895,0.529463,0.470891,0.4,0.416452,0.4,0.35123,0.257862,0,0,0.571078,0.371725,0.381625,0.541931,0.754651,0.109411,Interactive
hsa_2566,D00530,0.004292,0.006438,0,0,0,0,0.002146,0,0,0.002146,0,0,0.002146,0.002146,0,0,0.002146,0.507142,0.615038,0.326503,0.315689,0,0.220175,1,0.505369,0.264151,0.015152,0,0.208333,0.194411,0.686926,0.307769,0.728143,0.034261,Interactive
hsa_55799,D00512,0.002752,0,0,0.000917,0,0,0.004587,0.004587,0.000917,0.001835,0,0.001835,0.000917,0.000917,0,0.000917,0.001835,0.475011,0.673317,0.179462,0.502528,0.4,0.153974,0.3,0.618982,0.207547,0,0,0.107143,0.104814,0,0.317891,0.735649,0.017859,Interactive
hsa_779,D02914,0.005342,0.001068,0,0.000534,0,0,0.005342,0.00641,0.003205,0.001068,0,0.001603,0,0.001068,0.001603,0.001603,0.005342,0.682544,0.740178,0.267758,0.445669,0,0.331196,0.55,0.554555,0.345912,0,0,0.497126,0.365021,0.321555,0.318716,0.765662,0.054081,Interactive
hsa_1135,D00499,0.007576,0,0,0,0,0.001894,0.003788,0.011364,0.001894,0.003788,0,0.003788,0,0,0.001894,0,0,0.302478,0.603445,0.163461,0.485726,0,0.15575,0.4,0.322134,0.100629,0,0,0.414063,0.037782,0,0.742595,0.654677,0.011351,Interactive
hsa_2569,D00547,0.004184,0.004184,0,0,0.002092,0,0.004184,0.008368,0.002092,0.004184,0,0,0.002092,0,0,0,0.002092,0.693734,0.822292,0.350864,0.179814,0,0.120303,0,0.047454,0,0,0,1,0,0,0.949171,0.496332,0.005111,Interactive
hsa_2905,D00136,0.002435,0,0,0.000812,0.003247,0,0.003247,0.006494,0.000812,0.000812,0.000812,0,0,0,0.000812,0.000812,0,0.692342,0.740178,0.253003,0.141594,0.4,0.270287,0.4,0.347073,0.220126,0,0,0.293155,0.196222,0.714566,0.503607,0.695904,0.059995,Interactive
hsa_783,D00437,0.006623,0,0,0,0,0,0.004967,0.003311,0,0,0,0.001656,0,0,0,0.006623,0,0.631866,0.669899,0.307511,0.679199,0,0.280165,0.55,0.409075,0.314465,0,0,0.399038,0.426874,0,0.389568,0.764045,0.03756,Interactive
hsa_170572,D02041,0,0.008969,0,0,0,0,0.006726,0.008969,0,0,0,0.002242,0,0,0.002242,0,0,0.579565,1,0.381739,0.560852,0.4,0.164701,0.6,0.292691,0.257862,0.030303,0,0.131944,0.154513,0.408452,0.304205,0.729221,0.027576,Interactive
hsa_3757,D00647,0.002591,0.001727,0,0,0.001727,0.000864,0.003454,0.006045,0,0,0,0,0.001727,0.001727,0.000864,0.001727,0.002591,0.565932,0.742429,0.368159,0.36906,0.4,0.34823,0.55,0.579841,0.169811,0,0,0.444444,0.248934,0.405183,0.626359,0.652599,0.090869,Interactive
hsa_6335,D00638,0.006073,0.002024,0.000506,0,0,0,0.003543,0.006073,0.00253,0.001518,0.000506,0.000506,0.000506,0.001518,0.00253,0.000506,0.003036,0.781549,0.830775,0.353353,0.302042,0.2,0.331196,0.55,0.321441,0.201258,0,0,0.533046,0.28245,0.929918,0.567846,0.673902,0.065849,Interactive
hsa_6833,D00294,0.002532,0.000633,0,0.000633,0.000633,0.000633,0.007595,0.008228,0.002532,0.000633,0,0.000633,0.000633,0,0.001899,0.000633,0.001266,0.686336,0.740178,0.263516,0.459139,0.4,0.094791,0.6,0.334257,0.132075,0.015152,0,0.097222,0.045094,0,0.745366,0.631611,0.007488,Interactive
hsa_775,D00349,0.006083,0.001404,0,0.000936,0,0,0.005615,0.004679,0.002808,0.000468,0,0.000468,0,0.001404,0.00234,0.001872,0.002808,0.568569,0.683129,0.287489,0.760278,0,0.287056,0.55,0.59716,0.389937,0.015152,0,0.353448,0.374399,0,0.369176,0.796526,0.046861,Interactive
hsa_6330,D00303,0,0,0,0,0,0,0,0,0,0,0,0,0,0,0,0,0,0.481989,0.672921,0.357305,0.437925,0.4,0.280165,0.3,0.383789,0.213836,0,0,0.479167,0.438757,0,0.435807,0.731367,0.040294,Interactive
hsa_3778,D00771,0.00254,0.00254,0.000847,0.000847,0,0.00254,0.001693,0.006774,0.001693,0.00254,0,0.000847,0.000847,0.000847,0.001693,0.001693,0.004234,0.707802,0.740178,0.282208,0.424416,0,0.045352,0.5,0.221337,0.081761,0.015152,0,0.131944,0,0,0.450483,0.530987,0.003774,Interactive
hsa_3747,D02356,0.004902,0,0,0,0.001634,0,0.001634,0.00817,0,0.003268,0.001634,0,0.003268,0.003268,0.001634,0,0.001634,0.873125,0.660895,0.529463,0.470891,0.4,0.416452,0.4,0.35123,0.257862,0,0,0.571078,0.371725,0.381625,0.541931,0.754651,0.109411,Interactive
hsa_55584,D00499,0.006276,0.002092,0,0,0,0,0.002092,0.002092,0,0.002092,0.002092,0.004184,0,0,0.004184,0,0,0.302478,0.603445,0.163461,0.485726,0,0.15575,0.4,0.322134,0.100629,0,0,0.414063,0.037782,0,0.742595,0.654677,0.011351,Interactive
hsa_2903,D03878,0.003418,0.001367,0,0,0.001367,0,0.001367,0.002051,0.001367,0.000684,0,0.000684,0.000684,0.001367,0.000684,0.002051,0.002051,0.670384,0.617029,0.394442,0.419971,0.2,0.101055,0.3,0.08417,0.342767,0.090909,0,0.010417,0.025628,0,0.286549,0.78119,0.012243,Interactive
hsa_55584,D00195,0.006276,0.002092,0,0,0,0,0.002092,0.002092,0,0.002092,0.002092,0.004184,0,0,0.004184,0,0,0.848662,0.665701,0.425893,0.446565,0.4,0.160726,0.4,0.321787,0.679245,0.287879,1,0.11859,0.199607,0,0.447324,0.894521,0.02401,Interactive
hsa_22953,D00528,0.005025,0,0.002513,0,0,0,0,0.005025,0,0.002513,0.002513,0,0,0,0.002513,0,0.005025,0.689399,0.324705,0.334892,0.434875,0,0.094791,0.55,0.425701,0.144654,0.015152,0,0.166667,0,0,0.438183,0.665984,0.007191,Interactive
hsa_8645,D00642,0.004016,0,0,0,0.002008,0.004016,0.01004,0.004016,0,0,0,0,0,0,0.002008,0,0,0.779646,0.782608,0.415382,0.474388,0.4,0.213377,0.55,0.435746,0.352201,0.060606,0,0.189815,0.181901,0.733973,0.311342,0.768751,0.037738,Interactive
hsa_27345,D00294,0.004785,0,0,0.004785,0,0,0,0.009569,0,0,0.004785,0,0,0,0.004785,0,0,0.686336,0.740178,0.263516,0.459139,0.4,0.094791,0.6,0.334257,0.132075,0.015152,0,0.097222,0.045094,0,0.745366,0.631611,0.007488,Interactive
hsa_2560,D00547,0,0.004228,0,0,0,0,0.002114,0.004228,0.002114,0.008457,0,0,0.002114,0.004228,0,0,0,0.693734,0.822292,0.350864,0.179814,0,0.120303,0,0.047454,0,0,0,1,0,0,0.949171,0.496332,0.005111,Interactive
hsa_51802,D00538,0,0,0,0.001984,0.001984,0,0.001984,0.005952,0.001984,0,0,0,0,0,0.003968,0.003968,0.005952,0.385204,0.62356,0.222015,0.39764,0,0.094791,0.45,0.214063,0.113208,0.015152,0,0.166667,0.053626,0,0.520382,0.589399,0.008231,Interactive
hsa_9254,D00618,0.007867,0.000874,0,0.001748,0,0.000874,0.002622,0.005245,0.001748,0.000874,0,0,0,0,0.001748,0.001748,0.004371,0.637648,0.69384,0.297732,0.814175,0,0.331196,0.55,0.416003,0.339623,0,0,0.461207,0.480195,0.213781,0.444653,0.774572,0.053428,Interactive
hsa_6336,D00735,0.00665,0.001023,0.000512,0.000512,0,0,0.002558,0.004604,0.001535,0.001023,0.000512,0.000512,0.001535,0.001535,0.002558,0.000512,0.002558,0.66007,0.795327,0.477939,0.423205,0.4,0.212341,0.45,0.240042,0.125786,0,0,0.38447,0.106338,0.190813,0.146107,0.559116,0.033875,Interactive
hsa_3764,D02356,0,0,0,0,0.002364,0,0.004728,0.009456,0,0.002364,0,0,0,0,0.002364,0,0,0.873125,0.660895,0.529463,0.470891,0.4,0.416452,0.4,0.35123,0.257862,0,0,0.571078,0.371725,0.381625,0.541931,0.754651,0.109411,Interactive
hsa_2554,D00464,0.006593,0.004396,0,0,0,0,0,0,0,0.006593,0,0.002198,0.002198,0,0,0,0,0.698476,0.740178,0.275055,0.408245,0,0.170441,0.85,0.529616,0.254717,0.015152,0,0.100379,0.196594,0,0.295084,0.688078,0.021127,Interactive
hsa_10369,D00437,0.003106,0,0,0,0,0,0.003106,0.006211,0.003106,0,0,0,0,0.003106,0,0,0.003106,0.631866,0.669899,0.307511,0.679199,0,0.280165,0.55,0.409075,0.314465,0,0,0.399038,0.426874,0,0.389568,0.764045,0.03756,Interactive
hsa_3763,D00798,0.004739,0.004739,0,0,0.00237,0,0.00237,0.004739,0,0,0,0,0.00237,0,0.00237,0,0,0.695696,0.809376,0.608543,0.360793,0.4,0.229733,0.65,0.173537,0.339623,0.045455,0,0.181548,0.219378,0.237927,0.213588,0.74814,0.042433,Interactive
hsa_6326,D00640,0.006986,0.002994,0.000499,0,0,0.000998,0.004491,0.005489,0.003992,0.002994,0.000998,0.000499,0.000998,0.001497,0.002495,0.000499,0.002495,0.808113,0.749358,0.394705,0.477374,0.2,0.280165,0.45,0.375476,0.144654,0,0,0.479167,0.160268,0.39311,0.16544,0.605613,0.052596,Interactive
hsa_783,D01295,0.006623,0,0,0,0,0,0.004967,0.003311,0,0,0,0.001656,0,0,0,0.006623,0,0.80456,0.734007,0.705307,0.511554,0.8,0.27911,0.4,0.1053,0.251572,0,0,0.159946,0.193784,0.403658,0,0.701083,0.068463,Interactive
hsa_55800,D00252,0.004673,0,0,0,0,0,0.004673,0.009346,0.004673,0,0,0.004673,0,0.004673,0.004673,0,0,0.539776,0.58873,0.143227,0.4654,0,0.137575,0.9,0.235192,0.22956,0.045455,0,0.0625,0.085348,0,0.141081,0.683386,0.015006,Interactive
hsa_775,D00629,0.006083,0.001404,0,0.000936,0,0,0.005615,0.004679,0.002808,0.000468,0,0.000468,0,0.001404,0.00234,0.001872,0.002808,0.585647,0.654403,0.29757,0.653341,0,0.297163,0.55,0.409075,0.305031,0,0,0.421296,0.320536,0,0.427335,0.756183,0.04383,Interactive
hsa_55879,D00225,0.006339,0.00317,0,0,0.001585,0.001585,0.004754,0.006339,0.001585,0.001585,0,0,0.00317,0.001585,0,0,0.001585,0.695134,0.740178,0.262713,0.369887,0,0.180853,0.95,0.719432,0.345912,0.045455,0,0.083333,0.222764,0,0.206394,0.755003,0.027041,Interactive
hsa_3765,D00294,0.005102,0,0,0,0.002551,0,0.005102,0.005102,0,0,0,0,0.002551,0,0.002551,0,0,0.686336,0.740178,0.263516,0.459139,0.4,0.094791,0.6,0.334257,0.132075,0.015152,0,0.097222,0.045094,0,0.745366,0.631611,0.007488,Interactive
hsa_6337,D00649,0.001497,0.001497,0,0.001497,0.001497,0,0.001497,0.001497,0.001497,0.001497,0,0.002994,0.001497,0.002994,0,0,0.001497,0.625614,0.740178,0.266549,0.535804,0.6,0.138635,0.7,0.813994,0.084906,0,0,0.444444,0.075868,0,0.649424,0.552278,0.01046,Interactive
hsa_3757,D02485,0.002591,0.001727,0,0,0.001727,0.000864,0.003454,0.006045,0,0,0,0,0.001727,0.001727,0.000864,0.001727,0.002591,0.529519,0.740178,0.221658,0.318282,0.4,0.388155,0.7,0.202286,0.455975,0.045455,0,0.52381,0.410725,0.667138,0.496688,0.808324,0.095445,Interactive
hsa_200909,D00694,0,0.004963,0,0,0,0,0.007444,0.009926,0,0,0,0.004963,0,0,0,0,0.002481,0.694594,0.740178,0.274211,0.400441,0,0.203549,0.85,0.570142,0.292453,0.015152,0,0.131944,0.236797,0,0.313557,0.713385,0.027368,Non-Interactive
hsa_6329,D02461,0.004905,0.00218,0.000545,0,0,0,0.00436,0.005995,0.003815,0.00327,0.000545,0.000545,0.000545,0.002725,0.00327,0.00109,0.00327,0.776751,0.628648,0.250436,0.5301,0,0.220175,0.3,0.710772,0.286164,0.015152,0,0.291667,0.215756,0.593062,0.62639,0.792949,0.036579,Non-Interactive
hsa_6338,D00560,0.00313,0.001565,0,0.001565,0.00313,0,0.001565,0.00313,0.001565,0.001565,0.001565,0.001565,0.001565,0,0,0.00313,0.007825,0.620558,0.71479,0.331302,0.382334,0.4,0.354744,0.5,0.286457,0.383648,0.015152,0,0.205044,0.318082,0.499748,0.286325,0.797369,0.117226,Non-Interactive
hsa_3781,D01768,0.00173,0.00346,0,0,0.00173,0.00346,0.00346,0.00692,0.00173,0,0,0,0,0.00173,0,0,0.00519,0.82839,0.796055,0.417511,0.421307,0.4,0.258574,0.55,0.349151,0.125786,0,0,0.668561,0.166971,0.571796,0.347962,0.570445,0.037055,Non-Interactive
hsa_81033,D00379,0.003021,0,0,0,0.001007,0.001007,0.005035,0.008056,0.001007,0,0.001007,0,0.001007,0.002014,0.001007,0,0.003021,0.572224,0.942049,0.305153,0.572318,0.2,0.212341,0.7,0.022168,0.147799,0,0,0.242424,0.14781,0.416996,0.48784,0.614479,0.029656,Non-Interactive
hsa_8989,D01599,0.005367,0.003578,0,0.000894,0.000894,0,0.001789,0.010733,0.003578,0.001789,0,0.000894,0,0,0,0.000894,0.006261,0.576545,0.918375,0.293301,0.627769,0.2,0.203549,0.7,0.036024,0.194969,0.015152,1,0.21875,0.116376,0.203519,0.589227,0.692263,0.033816,Non-Interactive
hsa_40,D02086,0.003914,0.001957,0,0,0.003914,0.001957,0,0.001957,0.001957,0.001957,0,0,0,0,0,0.001957,0.001957,0.843632,0.713968,0.456122,0.508234,0.4,0.172873,0.45,0.204018,0.072327,0,0,0.571078,0.128885,0,0.483476,0.537758,0.016046,Non-Interactive
hsa_773,D00364,0.006181,0.002208,0,0.000442,0.000442,0.000442,0.003974,0.004857,0.004857,0.000883,0,0.001766,0.000442,0.001766,0.001325,0.000442,0.002208,0.696762,0.740178,0.249054,0.33253,0,0.262605,0.7,0.414964,0.393082,0.045455,0,0.131944,0.245057,0.549362,0.277027,0.770547,0.05218,Non-Interactive
hsa_3736,D00618,0.004049,0,0,0,0,0.002024,0.010121,0.002024,0,0.002024,0,0,0.002024,0.002024,0.002024,0,0.004049,0.637648,0.69384,0.297732,0.814175,0,0.331196,0.55,0.416003,0.339623,0,0,0.461207,0.480195,0.213781,0.444653,0.774572,0.053428,Non-Interactive
hsa_3743,D02092,0.002198,0,0,0,0,0.002198,0.008791,0.004396,0,0.002198,0.002198,0,0.002198,0,0,0,0.002198,0.662932,0.740178,0.25736,0.264099,0.4,0.371257,0.55,0.589886,0.261006,0,0,0.417892,0.226996,0.434205,0.430899,0.730327,0.10531,Non-Interactive
hsa_5024,D00760,0,0.002525,0.002525,0,0,0,0.002525,0.005051,0,0,0,0,0,0,0.005051,0,0.010101,0.809263,0.699602,0.529938,0.487877,0.4,1,0.45,0.662279,1,0.030303,0,0.525316,1,0.519435,0.516208,1,1,Non-Interactive
hsa_3745,D06106,0.002334,0.001167,0,0,0.001167,0.002334,0.005834,0.004667,0.003501,0.002334,0,0,0.001167,0.002334,0,0.003501,0.004667,0.37003,0.66866,0.228593,0.521963,0,0.172873,0.4,0.530655,0.110063,0,0,0.387255,0.083181,0,0.667763,0.665634,0.01355,Non-Interactive
hsa_5026,D05461,0.007143,0.002381,0.002381,0,0,0,0,0.007143,0,0,0,0.002381,0,0,0,0.004762,0.004762,0.617881,0.658843,0.331855,0.427031,0.2,0.220175,0.75,0.569103,0.31761,0.015152,0,0.208333,0.234004,0.515901,0.414757,0.74844,0.032687,Non-Interactive
hsa_6833,D00219,0.002532,0.000633,0,0.000633,0.000633,0.000633,0.007595,0.008228,0.002532,0.000633,0,0.000633,0.000633,0,0.001899,0.000633,0.001266,0.4474,0.840654,0.1805,0.607488,0,0.229268,0.75,0.334603,0.150943,0,0,0.275362,0.219988,0.713781,0.567549,0.638664,0.034469,Non-Interactive
hsa_2566,D00394,0.004292,0.006438,0,0,0,0,0.002146,0,0,0.002146,0,0,0.002146,0.002146,0,0,0.002146,0.817219,0.606169,0.66876,0.302045,0.4,0.203549,0.65,0.067891,0.273585,0.045455,0,0.262153,0.159117,0,0.248824,0.697713,0.028616,Non-Interactive
hsa_8989,D02207,0.005367,0.003578,0,0.000894,0.000894,0,0.001789,0.010733,0.003578,0.001789,0,0.000894,0,0,0,0.000894,0.006261,0.824235,0.837119,0.458883,0.43552,0.6,0.489716,0.75,0.206096,0.798742,1,0,0.142157,0.755637,0.534849,0.453057,0.925671,0.186492,Non-Interactive
hsa_1145,D00379,0.002033,0,0,0.004065,0,0.002033,0.004065,0.010163,0,0,0,0.002033,0.002033,0,0.006098,0,0.002033,0.572224,0.942049,0.305153,0.572318,0.2,0.212341,0.7,0.022168,0.147799,0,0,0.242424,0.14781,0.416996,0.48784,0.614479,0.029656,Non-Interactive
hsa_11280,D00394,0.005028,0.002235,0.001117,0,0,0.000559,0.005587,0.005587,0.002235,0.001676,0,0.000559,0.001117,0.000559,0.003352,0.000559,0.004469,0.817219,0.606169,0.66876,0.302045,0.4,0.203549,0.65,0.067891,0.273585,0.045455,0,0.262153,0.159117,0,0.248824,0.697713,0.028616,Non-Interactive
hsa_89822,D00519,0,0,0,0.007407,0,0,0,0.007407,0,0.003704,0,0,0.003704,0.003704,0,0.003704,0.003704,0.747335,0.740178,0.265784,0.483111,0.4,0.144915,0.8,0.386907,0.204403,0.015152,0,0.131944,0.068556,0,0.848934,0.694345,0.013193,Non-Interactive
hsa_3763,D02546,0.004739,0.004739,0,0,0.00237,0,0.00237,0.004739,0,0,0,0,0.00237,0,0.00237,0,0,0.772861,0.68339,0.229687,0.482006,0.2,0.138635,0.15,0.290959,0.100629,0,0,0.444444,0,0,0.517414,0.584196,0.010014,Non-Interactive
hsa_2743,D01768,0.004032,0.004032,0,0.002016,0,0,0,0.008065,0,0.004032,0,0,0.002016,0.002016,0.002016,0,0.004032,0.82839,0.796055,0.417511,0.421307,0.4,0.258574,0.55,0.349151,0.125786,0,0,0.668561,0.166971,0.571796,0.347962,0.570445,0.037055,Non-Interactive
hsa_1141,D01799,0.005988,0,0,0,0.001996,0,0.003992,0.00998,0,0.005988,0,0.003992,0.001996,0.001996,0.005988,0,0,0.685598,0.740178,0.253897,0.227523,0.2,0.178564,0.7,0.022168,0.119497,0,0,0.270833,0.116071,0.653675,0.569939,0.608658,0.022138,Non-Interactive
hsa_6339,D00617,0.002497,0,0.001248,0.002497,0.002497,0.001248,0.001248,0.002497,0,0,0.001248,0.001248,0,0,0,0.001248,0,0.677116,0.707956,0.392373,0.668778,0.4,0.421996,0.55,0.429858,0.36478,0,0,0.408784,0.358013,0.451012,0.405218,0.792384,0.114938,Non-Interactive
hsa_11254,D00574,0.00156,0.00156,0.00156,0,0.00624,0,0.01092,0.00468,0.00156,0.00156,0.00156,0,0.00312,0,0.00156,0,0.00468,0.582579,0.694424,0.169766,0.330112,0,0.144915,0.35,0.377208,0.154088,0,0,0.189815,0.150518,0,0.649126,0.665265,0.013907,Non-Interactive
hsa_3773,D03450,0.002398,0,0,0,0.004796,0.002398,0.002398,0.002398,0,0.002398,0,0.002398,0.002398,0,0.004796,0.002398,0.002398,0.733025,0.832936,0.434388,0.588764,0.4,0.236844,0.25,0.201247,0.185535,0,0,0.238782,0.104577,0.111551,0.009115,0.646372,0.04279,Non-Interactive
hsa_3748,D01071,0.003968,0,0,0.001323,0.001323,0,0.002646,0.010582,0,0.002646,0.001323,0,0.002646,0.002646,0.003968,0.001323,0.001323,0.423391,0.627821,0.214001,0.420028,0,0.144915,0.4,0.354001,0.147799,0,0,0.131944,0.097806,0,0.632991,0.698339,0.013134,Non-Interactive
hsa_9312,D05077,0.002198,0,0,0,0.001099,0.002198,0.003297,0.005495,0.003297,0.003297,0,0,0.001099,0,0,0.003297,0.003297,0.625363,0.805269,0.375807,0.463268,0.4,0.312239,0.95,0.415656,0.380503,0.045455,0,0.242424,0.293723,0.368375,0.23174,0.772345,0.073812,Non-Interactive
hsa_27094,D00547,0.005814,0.005814,0,0,0,0,0.005814,0.005814,0,0,0,0,0,0,0,0,0,0.693734,0.822292,0.350864,0.179814,0,0.120303,0,0.047454,0,0,0,1,0,0,0.949171,0.496332,0.005111,Non-Interactive
hsa_3746,D03450,0.005137,0,0,0.001712,0.001712,0,0.001712,0.010274,0.001712,0.003425,0.001712,0,0.005137,0.003425,0.001712,0,0.001712,0.733025,0.832936,0.434388,0.588764,0.4,0.236844,0.25,0.201247,0.185535,0,0,0.238782,0.104577,0.111551,0.009115,0.646372,0.04279,Non-Interactive
hsa_1134,D00364,0.004386,0.002193,0,0,0,0.002193,0.008772,0.004386,0,0.006579,0,0.004386,0,0,0,0,0.002193,0.696762,0.740178,0.249054,0.33253,0,0.262605,0.7,0.414964,0.393082,0.045455,0,0.131944,0.245057,0.549362,0.277027,0.770547,0.05218,Non-Interactive
hsa_3784,D00640,0.002963,0,0,0,0.005926,0.001481,0.002963,0.007407,0,0,0,0,0.001481,0,0.001481,0,0.001481,0.808113,0.749358,0.394705,0.477374,0.2,0.280165,0.45,0.375476,0.144654,0,0,0.479167,0.160268,0.39311,0.16544,0.605613,0.052596,Non-Interactive
hsa_3782,D00733,0.004027,0.002685,0,0,0.001342,0.002685,0.005369,0.005369,0.001342,0,0,0,0.001342,0.001342,0,0.002685,0.004027,0.684042,0.795263,0.411933,0.428931,0.4,0.280165,0.7,0.447523,0.216981,0.015152,0,0.519231,0.181292,0.48189,0.240327,0.665597,0.048673,Non-Interactive
hsa_5026,D00338,0.007143,0.002381,0.002381,0,0,0,0,0.007143,0,0,0,0.002381,0,0,0,0.004762,0.004762,0.698431,0.740178,0.266326,0.335192,0,0.236844,0.85,0.381018,0.311321,0.015152,0,0.238782,0.313935,0.855124,0.462655,0.737626,0.035391,Non-Interactive
hsa_6326,D00338,0.006986,0.002994,0.000499,0,0,0.000998,0.004491,0.005489,0.003992,0.002994,0.000998,0.000499,0.000998,0.001497,0.002495,0.000499,0.002495,0.698431,0.740178,0.266326,0.335192,0,0.236844,0.85,0.381018,0.311321,0.015152,0,0.238782,0.313935,0.855124,0.462655,0.737626,0.035391,Non-Interactive
hsa_26251,D00225,0.004301,0,0,0,0.002151,0,0.002151,0.006452,0,0.004301,0,0,0,0,0.006452,0,0,0.695134,0.740178,0.262713,0.369887,0,0.180853,0.95,0.719432,0.345912,0.045455,0,0.083333,0.222764,0,0.206394,0.755003,0.027041,Non-Interactive
hsa_9177,D00631,0.004545,0,0,0,0.002273,0.004545,0.004545,0.015909,0,0,0,0.004545,0,0,0,0,0,0.83989,0.733866,0.635463,0.698135,0.4,0.287056,0.35,0.27849,0.213836,0,0,0.389368,0.166074,0.472983,0.102819,0.661255,0.055835,Non-Interactive
hsa_93107,D02092,0.007722,0,0,0,0.003861,0,0.005792,0.003861,0.003861,0.001931,0,0,0,0,0.003861,0,0,0.662932,0.740178,0.25736,0.264099,0.4,0.371257,0.55,0.589886,0.261006,0,0,0.417892,0.226996,0.434205,0.430899,0.730327,0.10531,Non-Interactive
hsa_1080,D00234,0.002028,0,0.000676,0,0,0,0.005409,0.006085,0.001352,0,0.000676,0.000676,0.001352,0,0.001352,0,0.001352,0.633912,0.847904,0.428687,0.46121,0.4,0.354744,0.5,0.439903,0.380503,0.015152,0,0.232456,0.190179,0.451522,0.256861,0.778581,0.121059,Non-Interactive
hsa_3756,D02207,0.004162,0.002081,0,0,0.001041,0.003122,0.003122,0.004162,0.002081,0.002081,0,0,0.001041,0.003122,0.003122,0.001041,0.002081,0.824235,0.837119,0.458883,0.43552,0.6,0.489716,0.75,0.206096,0.798742,1,0,0.142157,0.755637,0.534849,0.453057,0.925671,0.186492,Non-Interactive
hsa_2566,D00553,0.004292,0.006438,0,0,0,0,0.002146,0,0,0.002146,0,0,0.002146,0.002146,0,0,0.002146,0.931072,0.800058,0.365757,0.433525,0.2,0.15575,0.45,0.215102,0.066038,0,0,0.544271,0.060938,0.855124,0.37752,0.496372,0.014025,Non-Interactive
hsa_3751,D00765,0.00318,0,0,0.00159,0,0.00318,0.006359,0.00159,0,0.006359,0,0,0.00159,0,0.004769,0.00159,0.00318,0.761583,0.747815,0.435641,0.385561,0.6,0.397605,0.15,0.468653,0.801887,0.090909,0,0.200581,0.603071,0.618282,0.581458,0.950762,0.124506,Non-Interactive
hsa_59284,D00546,0,0,0,0,0,0,0.00365,0.014599,0.00365,0,0,0,0,0.00365,0.00365,0,0,0.968407,0.810722,0.310143,0.107032,0,0.085931,0,0.050225,0,0,0,1,0,0,0.911987,0.363613,0.00318,Non-Interactive
hsa_2903,D01712,0.003418,0.001367,0,0,0.001367,0,0.001367,0.002051,0.001367,0.000684,0,0.000684,0.000684,0.001367,0.000684,0.002051,0.002051,0.699978,0.081422,0.28233,0.322003,0,0.078215,0.55,0.401108,0.122642,0.015152,0,0.107143,0,0,0.37702,0.63241,0.005794,Non-Interactive
hsa_57657,D00380,0,0.001294,0,0,0.001294,0,0.002587,0.005175,0,0.001294,0.001294,0,0,0.001294,0,0.002587,0.002587,0.359452,0.861209,0.183994,0.650783,0,0.190003,0.65,0.210253,0.09434,0,0,0.479167,0.075868,0.64311,0.601561,0.561757,0.019879,Non-Interactive
hsa_1144,D00367,0.001938,0,0,0.001938,0.001938,0.001938,0.005814,0.00969,0,0.001938,0,0.003876,0,0,0.003876,0.001938,0.001938,0.689793,0.740178,0.249438,0.147505,0.4,0.148633,0.45,0.70523,0.361635,0.045455,1,0.094203,0.095081,0,0.402401,0.806977,0.020385,Non-Interactive
hsa_6336,D00524,0.00665,0.001023,0.000512,0.000512,0,0,0.002558,0.004604,0.001535,0.001023,0.000512,0.000512,0.001535,0.001535,0.002558,0.000512,0.002558,0.601328,0.974557,0.412803,0.45943,0.2,0.085931,0.2,0.126429,0.018868,0,0,0.884259,0,0,0.812136,0.266136,0.003655,Non-Interactive
hsa_6339,D02261,0.002497,0,0.001248,0.002497,0.002497,0.001248,0.001248,0.002497,0,0,0.001248,0.001248,0,0,0,0.001248,0,0.779646,0.782608,0.415382,0.474388,0.4,0.213377,0.55,0.435746,0.352201,0.060606,0,0.189815,0.181901,0.733973,0.311342,0.768751,0.037738,Non-Interactive
hsa_2905,D00636,0.002435,0,0,0.000812,0.003247,0,0.003247,0.006494,0.000812,0.000812,0.000812,0,0,0,0.000812,0.000812,0,0.745356,0.772639,0.471538,0.50135,0.4,0.354376,0.9,0.287496,0.345912,0.015152,0,0.463384,0.352867,0.355131,0.358653,0.777082,0.085609,Non-Interactive
hsa_6532,D00616,0.006359,0,0,0.00318,0.00159,0.00159,0.007949,0.007949,0.00318,0,0.00159,0,0.00159,0,0,0,0,0.82656,0.786411,0.465108,0.43132,0.4,0.320671,0.45,0.491514,0.380503,0.015152,0,0.327957,0.407153,0.381036,0.384784,0.764028,0.061243,Non-Interactive
hsa_55503,D00740,0.006906,0,0.001381,0,0,0,0.004144,0.002762,0,0.002762,0.001381,0,0,0.004144,0.001381,0.001381,0,0.756665,0.818916,0.39663,0.403226,0.4,0.172873,0.5,0.275719,0.075472,0,0,0.571078,0.09872,1,0.388004,0.489518,0.017888,Non-Interactive
hsa_57192,D04790,0.001727,0,0,0,0,0.003454,0.001727,0.005181,0,0,0,0,0,0,0.001727,0,0,0.732847,0.726039,0.286348,0.446715,0,0.314174,0.15,0.509179,0.264151,0.015152,0,0.553571,0.26515,0.553371,0.634674,0.756635,0.063115,Non-Interactive
hsa_785,D00480,0.007707,0,0,0,0,0.001927,0.009634,0.003854,0.003854,0,0,0,0,0,0,0.003854,0,0.897155,0.846048,0.674354,0.466902,0.4,0.170441,0.65,0.145826,0.27044,0.045455,0,0.242424,0.197441,0,0.264167,0.702988,0.021633,Non-Interactive
hsa_9311,D01108,0,0,0,0,0.001887,0,0.001887,0.007547,0.001887,0,0,0,0.001887,0,0,0,0.001887,0,0.740178,0.022321,0,0,0,0.25,0.478005,0,0,0,0.479167,0,0,0.91064,0,0,Non-Interactive
hsa_784,D01828,0.008282,0,0,0.00207,0,0,0.00207,0.004141,0,0,0,0,0,0.00207,0,0.004141,0.00207,0.4694,0.813255,0.206335,0.563814,0,0.203549,0.95,0.59716,0.336478,0.045455,0,0.21875,0.211152,0,0.53602,0.749408,0.029091,Non-Interactive
hsa_3772,D00451,0.002674,0.002674,0,0,0.002674,0.002674,0.008021,0.013369,0,0,0,0,0,0,0,0.002674,0,0.658686,0.815763,0.43381,0.340364,0.4,0.195439,0.45,0.230689,0.18239,0.015152,0,0.404762,0.248036,0.327108,0.582824,0.654561,0.02505,Non-Interactive
hsa_2903,D02272,0.003418,0.001367,0,0,0.001367,0,0.001367,0.002051,0.001367,0.000684,0,0.000684,0.000684,0.001367,0.000684,0.002051,0.002051,0.779646,0.782608,0.415382,0.474388,0.4,0.213377,0.55,0.435746,0.352201,0.060606,0,0.189815,0.181901,0.733973,0.311342,0.768751,0.037738,Non-Interactive
hsa_9254,D01599,0.007867,0.000874,0,0.001748,0,0.000874,0.002622,0.005245,0.001748,0.000874,0,0,0,0,0.001748,0.001748,0.004371,0.576545,0.918375,0.293301,0.627769,0.2,0.203549,0.7,0.036024,0.194969,0.015152,1,0.21875,0.116376,0.203519,0.589227,0.692263,0.033816,Non-Interactive
hsa_89822,D00338,0,0,0,0.007407,0,0,0,0.007407,0,0.003704,0,0,0.003704,0.003704,0,0.003704,0.003704,0.698431,0.740178,0.266326,0.335192,0,0.236844,0.85,0.381018,0.311321,0.015152,0,0.238782,0.313935,0.855124,0.462655,0.737626,0.035391,Non-Interactive
hsa_3762,D00274,0.002392,0.002392,0,0,0.002392,0,0.002392,0.004785,0.004785,0.002392,0,0.002392,0.002392,0,0.002392,0,0,0.662932,0.740178,0.25736,0.264099,0.4,0.371257,0.55,0.589886,0.261006,0,0,0.417892,0.226996,0.434205,0.430899,0.730327,0.10531,Non-Interactive
hsa_3779,D00252,0.005263,0,0,0,0,0.005263,0,0.005263,0,0.005263,0,0,0.005263,0,0,0,0,0.539776,0.58873,0.143227,0.4654,0,0.137575,0.9,0.235192,0.22956,0.045455,0,0.0625,0.085348,0,0.141081,0.683386,0.015006,Non-Interactive
hsa_1145,D00319,0.002033,0,0,0.004065,0,0.002033,0.004065,0.010163,0,0,0,0.002033,0.002033,0,0.006098,0,0.002033,0.798375,0.740178,0.350722,0.377003,0,0.280165,0.55,0.472116,0.311321,0,0,0.439103,0.365935,0,0.421993,0.762011,0.038154,Non-Interactive
hsa_3758,D00351,0,0,0,0,0.002564,0.002564,0.005128,0.010256,0,0,0,0,0,0,0.005128,0.002564,0.007692,0.532007,0.740178,0.224956,0.293059,0,0.387763,0.4,1,0.427673,0,0,0.244792,0.284904,0.330717,0.418573,0.819239,0.138947,Non-Interactive
hsa_783,D01712,0.006623,0,0,0,0,0,0.004967,0.003311,0,0,0,0.001656,0,0,0,0.006623,0,0.699978,0.081422,0.28233,0.322003,0,0.078215,0.55,0.401108,0.122642,0.015152,0,0.107143,0,0,0.37702,0.63241,0.005794,Non-Interactive
hsa_55584,D00358,0.006276,0.002092,0,0,0,0,0.002092,0.002092,0,0.002092,0.002092,0.004184,0,0,0.004184,0,0,0.843632,0.713968,0.456122,0.508234,0.4,0.172873,0.45,0.204018,0.072327,0,0,0.571078,0.128885,0,0.483476,0.537758,0.016046,Non-Interactive
hsa_2891,D00364,0.002268,0,0,0.001134,0.002268,0.001134,0.003401,0.003401,0.002268,0.002268,0,0.001134,0,0.001134,0.001134,0.001134,0.001134,0.696762,0.740178,0.249054,0.33253,0,0.262605,0.7,0.414964,0.393082,0.045455,0,0.131944,0.245057,0.549362,0.277027,0.770547,0.05218,Non-Interactive
hsa_169522,D00274,0.007353,0,0,0,0.001838,0,0.003676,0.003676,0.003676,0,0,0,0,0.001838,0,0,0.005515,0.662932,0.740178,0.25736,0.264099,0.4,0.371257,0.55,0.589886,0.261006,0,0,0.417892,0.226996,0.434205,0.430899,0.730327,0.10531,Non-Interactive
hsa_3776,D00798,0.002375,0,0,0,0,0,0.007126,0.004751,0,0,0,0.002375,0.002375,0,0.004751,0.004751,0,0.695696,0.809376,0.608543,0.360793,0.4,0.229733,0.65,0.173537,0.339623,0.045455,0,0.181548,0.219378,0.237927,0.213588,0.74814,0.042433,Non-Interactive
hsa_2569,D00394,0.004184,0.004184,0,0,0.002092,0,0.004184,0.008368,0.002092,0.004184,0,0,0.002092,0,0,0,0.002092,0.817219,0.606169,0.66876,0.302045,0.4,0.203549,0.65,0.067891,0.273585,0.045455,0,0.262153,0.159117,0,0.248824,0.697713,0.028616,Non-Interactive
hsa_3784,D00354,0.002963,0,0,0,0.005926,0.001481,0.002963,0.007407,0,0,0,0,0.001481,0,0.001481,0,0.001481,0.818401,0.740178,0.383869,0.451167,0,0.128153,0.7,0.434015,0.128931,0,0,0.264706,0.112431,0,0.466608,0.613339,0.011916,Non-Interactive
hsa_2891,D00545,0.002268,0,0,0.001134,0.002268,0.001134,0.003401,0.003401,0.002268,0.002268,0,0.001134,0,0.001134,0.001134,0.001134,0.001134,0.704934,0.740178,0.321295,0.003122,0,0.085931,0,0.056806,0,0,0,1,0,0,0.911987,0.363613,0.00318,Non-Interactive
hsa_2898,D00519,0.002245,0,0,0,0,0.001122,0.004489,0.005612,0.002245,0.001122,0,0.001122,0.001122,0.002245,0.001122,0,0.001122,0.747335,0.740178,0.265784,0.483111,0.4,0.144915,0.8,0.386907,0.204403,0.015152,0,0.131944,0.068556,0,0.848934,0.694345,0.013193,Non-Interactive
hsa_781,D02204,0.007339,0.000917,0,0.001835,0,0,0.001835,0.004587,0.001835,0,0,0,0,0,0.000917,0.000917,0.00367,0.636121,0.734292,1,0.319378,0.4,0.154675,0,0.02771,0.025157,0,0,1,0.076173,0,0.797031,0.371035,0.011203,Non-Interactive
hsa_2556,D00303,0.002037,0.004073,0,0,0,0,0.004073,0.002037,0.002037,0.004073,0,0,0.002037,0,0,0,0,0.481989,0.672921,0.357305,0.437925,0.4,0.280165,0.3,0.383789,0.213836,0,0,0.479167,0.438757,0,0.435807,0.731367,0.040294,Non-Interactive
hsa_2904,D00549,0.002697,0.000674,0,0.000674,0.000674,0.000674,0.00472,0.001349,0.002023,0.000674,0,0.001349,0.000674,0,0.000674,0,0.000674,0.768745,0.540755,0.1976,1,0,0.104439,0.35,0.16176,0.059748,0,0,0.519231,0,0,0.48146,0.527792,0.006478,Non-Interactive
hsa_2569,D00615,0.004184,0.004184,0,0,0.002092,0,0.004184,0.008368,0.002092,0.004184,0,0,0.002092,0,0,0,0.002092,0.682544,0.740178,0.267758,0.445669,0,0.331196,0.55,0.554555,0.345912,0,0,0.497126,0.365021,0.321555,0.318716,0.765662,0.054081,Non-Interactive
hsa_1181,D00735,0.003409,0.001136,0,0,0.002273,0,0.002273,0.005682,0.003409,0,0,0.001136,0.001136,0.001136,0,0,0.001136,0.66007,0.795327,0.477939,0.423205,0.4,0.212341,0.45,0.240042,0.125786,0,0,0.38447,0.106338,0.190813,0.146107,0.559116,0.033875,Non-Interactive
hsa_1145,D01712,0.002033,0,0,0.004065,0,0.002033,0.004065,0.010163,0,0,0,0.002033,0.002033,0,0.006098,0,0.002033,0.699978,0.081422,0.28233,0.322003,0,0.078215,0.55,0.401108,0.122642,0.015152,0,0.107143,0,0,0.37702,0.63241,0.005794,Non-Interactive
hsa_6323,D00528,0.005478,0.002988,0.000498,0,0,0.000996,0.003984,0.006972,0.003486,0.00249,0.000996,0.000498,0.000996,0.001494,0.00249,0.000996,0.002988,0.689399,0.324705,0.334892,0.434875,0,0.094791,0.55,0.425701,0.144654,0.015152,0,0.166667,0,0,0.438183,0.665984,0.007191,Non-Interactive
hsa_5023,D00677,0.005025,0,0.002513,0,0,0,0,0.005025,0,0.002513,0,0,0,0,0.002513,0,0.01005,0.643591,0.800998,0.444168,0.529071,0.4,0.197082,0.6,0.353308,0.289308,0.030303,0,0.158654,0.185287,0.411464,0.333969,0.750991,0.035034,Non-Interactive
hsa_40,D02101,0.003914,0.001957,0,0,0.003914,0.001957,0,0.001957,0.001957,0.001957,0,0,0,0,0,0.001957,0.001957,0.848662,0.665701,0.425893,0.446565,0.4,0.160726,0.4,0.321787,0.679245,0.287879,1,0.11859,0.199607,0,0.447324,0.894521,0.02401,Non-Interactive
hsa_6326,D00537,0.006986,0.002994,0.000499,0,0,0.000998,0.004491,0.005489,0.003992,0.002994,0.000998,0.000499,0.000998,0.001497,0.002495,0.000499,0.002495,0.604436,0.718593,0.35265,0.355269,0,0.203549,0.25,0.916176,0.349057,0.045455,0,0.305556,0.417564,0,1,0.812657,0.027694,Non-Interactive
hsa_3785,D00563,0.007117,0.002372,0,0.002372,0.001186,0.002372,0.001186,0.00949,0,0,0,0,0,0.001186,0.002372,0,0.002372,0.79423,0.69998,0.597182,0.405502,0.4,0.148633,0.35,0.264981,0.342767,0.106061,0,0.003623,0.143561,0,0.16324,0.736246,0.019939,Non-Interactive
hsa_56660,D02237,0.002331,0,0,0,0.002331,0.002331,0.002331,0.009324,0,0,0,0,0,0.002331,0.002331,0,0.004662,0.537593,0.73237,0.286456,0.246587,1,0.121531,0.2,0.454105,0.062893,0,0,0.330357,0.053016,0,0.074495,0.367412,0.009984,Non-Interactive
hsa_2557,D00560,0,0.005425,0,0,0,0,0.001808,0.001808,0.003617,0.007233,0,0,0.001808,0,0,0.001808,0.001808,0.620558,0.71479,0.331302,0.382334,0.4,0.354744,0.5,0.286457,0.383648,0.015152,0,0.205044,0.318082,0.499748,0.286325,0.797369,0.117226,Non-Interactive
hsa_5026,D06172,0.007143,0.002381,0.002381,0,0,0,0,0.007143,0,0,0,0.002381,0,0,0,0.004762,0.004762,1,0.683829,0.262632,0.312395,0,0.121531,0.45,0.210946,0.066038,0,0,0.479167,0.045704,0,0.5453,0.512764,0.008558,Non-Interactive
hsa_9311,D02360,0,0,0,0,0.001887,0,0.001887,0.007547,0.001887,0,0,0,0.001887,0,0,0,0.001887,0.782005,0.740178,0.323623,0.23122,0.2,0.170441,0.3,0.070662,0.245283,0.015152,0,0.195076,0.172761,0,0.325869,0.698734,0.022405,Non-Interactive
hsa_6339,D00574,0.002497,0,0.001248,0.002497,0.002497,0.001248,0.001248,0.002497,0,0,0.001248,0.001248,0,0,0,0.001248,0,0.582579,0.694424,0.169766,0.330112,0,0.144915,0.35,0.377208,0.154088,0,0,0.189815,0.150518,0,0.649126,0.665265,0.013907,Non-Interactive
hsa_2905,D00354,0.002435,0,0,0.000812,0.003247,0,0.003247,0.006494,0.000812,0.000812,0.000812,0,0,0,0.000812,0.000812,0,0.818401,0.740178,0.383869,0.451167,0,0.128153,0.7,0.434015,0.128931,0,0,0.264706,0.112431,0,0.466608,0.613339,0.011916,Non-Interactive
hsa_3783,D02237,0,0.002347,0,0,0.002347,0,0.002347,0.00939,0.004695,0.002347,0,0,0,0,0.002347,0,0.002347,0.537593,0.73237,0.286456,0.246587,1,0.121531,0.2,0.454105,0.062893,0,0,0.330357,0.053016,0,0.074495,0.367412,0.009984,Non-Interactive
hsa_2895,D00338,0.002982,0.002982,0,0.001988,0,0,0.002982,0.002982,0,0.001988,0.000994,0,0,0.000994,0,0.000994,0,0.698431,0.740178,0.266326,0.335192,0,0.236844,0.85,0.381018,0.311321,0.015152,0,0.238782,0.313935,0.855124,0.462655,0.737626,0.035391,Non-Interactive
hsa_3748,D01118,0.003968,0,0,0.001323,0.001323,0,0.002646,0.010582,0,0.002646,0.001323,0,0.002646,0.002646,0.003968,0.001323,0.001323,0.818912,0.718794,0.631082,0.413037,0.4,0.203549,0.65,0.145826,0.283019,0.045455,0,0.305556,0.197441,0,0.241683,0.71579,0.028883,Non-Interactive
hsa_3784,D06172,0.002963,0,0,0,0.005926,0.001481,0.002963,0.007407,0,0,0,0,0.001481,0,0.001481,0,0.001481,1,0.683829,0.262632,0.312395,0,0.121531,0.45,0.210946,0.066038,0,0,0.479167,0.045704,0,0.5453,0.512764,0.008558,Non-Interactive
hsa_5026,D02098,0.007143,0.002381,0.002381,0,0,0,0,0.007143,0,0,0,0.002381,0,0,0,0.004762,0.004762,0.841839,0.715093,0.420057,0.379948,0.4,0.241425,0.55,0.349151,0.116352,0,0,0.652778,0.151737,0.444444,0.381847,0.564515,0.032924,Non-Interactive
hsa_8973,D02272,0.004184,0.002092,0,0,0,0,0.004184,0.012552,0,0.004184,0,0.002092,0.002092,0,0.006276,0,0,0.779646,0.782608,0.415382,0.474388,0.4,0.213377,0.55,0.435746,0.352201,0.060606,0,0.189815,0.181901,0.733973,0.311342,0.768751,0.037738,Non-Interactive
hsa_59284,D00364,0,0,0,0,0,0,0.00365,0.014599,0.00365,0,0,0,0,0.00365,0.00365,0,0,0.696762,0.740178,0.249054,0.33253,0,0.262605,0.7,0.414964,0.393082,0.045455,0,0.131944,0.245057,0.549362,0.277027,0.770547,0.05218,Non-Interactive
hsa_3780,D06172,0.00369,0.001845,0,0,0.001845,0.00369,0.00738,0.009225,0,0,0,0,0,0.001845,0,0,0.00369,1,0.683829,0.262632,0.312395,0,0.121531,0.45,0.210946,0.066038,0,0,0.479167,0.045704,0,0.5453,0.512764,0.008558,Non-Interactive
hsa_2556,D02566,0.002037,0.004073,0,0,0,0,0.004073,0.002037,0.002037,0.004073,0,0,0.002037,0,0,0,0,0.758719,0.617275,0.460902,0.255537,0.2,0.164701,0.3,0.272255,0.437107,0.121212,0,0.175347,0.119439,0,0.221964,0.812991,0.023594,Non-Interactive
hsa_3775,D00633,0.01194,0,0.002985,0,0.002985,0,0.002985,0.014925,0,0,0,0,0,0,0.00597,0.002985,0.002985,0.845319,0.591438,0.229047,0.420798,0,0.070307,0.4,0.146519,0.044025,0,0,0.431818,0.030165,0,0.448735,0.421324,0.004279,Non-Interactive
hsa_2904,D01118,0.002697,0.000674,0,0.000674,0.000674,0.000674,0.00472,0.001349,0.002023,0.000674,0,0.001349,0.000674,0,0.000674,0,0.000674,0.818912,0.718794,0.631082,0.413037,0.4,0.203549,0.65,0.145826,0.283019,0.045455,0,0.305556,0.197441,0,0.241683,0.71579,0.028883,Non-Interactive
hsa_3782,D00437,0.004027,0.002685,0,0,0.001342,0.002685,0.005369,0.005369,0.001342,0,0,0,0.001342,0.001342,0,0.002685,0.004027,0.631866,0.669899,0.307511,0.679199,0,0.280165,0.55,0.409075,0.314465,0,0,0.399038,0.426874,0,0.389568,0.764045,0.03756,Non-Interactive
hsa_55800,D00735,0.004673,0,0,0,0,0,0.004673,0.009346,0.004673,0,0,0.004673,0,0.004673,0.004673,0,0,0.66007,0.795327,0.477939,0.423205,0.4,0.212341,0.45,0.240042,0.125786,0,0,0.38447,0.106338,0.190813,0.146107,0.559116,0.033875,Non-Interactive
hsa_2902,D01253,0.005656,0,0,0,0.001131,0.001131,0.003394,0.003394,0.001131,0.003394,0,0.001131,0,0.001131,0.001131,0.001131,0.001131,0.703444,0.740178,0.266887,0.343939,0,0.186969,0.9,0.253897,0.286164,0.015152,0,0.094203,0.212726,0,0.321899,0.721368,0.023505,Non-Interactive
hsa_11280,D01854,0.005028,0.002235,0.001117,0,0,0.000559,0.005587,0.005587,0.002235,0.001676,0,0.000559,0.001117,0.000559,0.003352,0.000559,0.004469,0.67496,0.846036,0.212373,0.398305,0,0.220175,0.3,0.530655,0.198113,0.015152,0,0.25,0.197204,0.130078,0.286365,0.673102,0.037233,Non-Interactive
hsa_40,D00437,0.003914,0.001957,0,0,0.003914,0.001957,0,0.001957,0.001957,0.001957,0,0,0,0,0,0.001957,0.001957,0.631866,0.669899,0.307511,0.679199,0,0.280165,0.55,0.409075,0.314465,0,0,0.399038,0.426874,0,0.389568,0.764045,0.03756,Non-Interactive
hsa_783,D00499,0.006623,0,0,0,0,0,0.004967,0.003311,0,0,0,0.001656,0,0,0,0.006623,0,0.302478,0.603445,0.163461,0.485726,0,0.15575,0.4,0.322134,0.100629,0,0,0.414063,0.037782,0,0.742595,0.654677,0.011351,Non-Interactive
hsa_5027,D00539,0,0.003367,0.005051,0,0,0,0.003367,0.005051,0,0,0,0,0,0,0.003367,0,0.006734,0.46422,0.921226,0.166272,0.43804,0,0.053277,0.25,0.247662,0.015723,0,0,0.270833,0,0,0.771033,0.513592,0.002734,Non-Interactive
hsa_3747,D02163,0.004902,0,0,0,0.001634,0,0.001634,0.00817,0,0.003268,0.001634,0,0.003268,0.003268,0.001634,0,0.001634,0.794409,0.775553,0.433084,0.343511,0.8,0.312239,0.65,0.207828,0.389937,0.045455,0,0.305556,0.294637,0.57126,0.379111,0.779941,0.077319,Non-Interactive
hsa_2566,D01111,0.004292,0.006438,0,0,0,0,0.002146,0,0,0.002146,0,0,0.002146,0.002146,0,0,0.002146,0.793872,0.815932,0.214779,0.435742,0,0.246216,0.3,0.397645,0.157233,0,0,0.392361,0.205363,0.475854,0.416196,0.624104,0.038748,Non-Interactive
hsa_55503,D05077,0.006906,0,0.001381,0,0,0,0.004144,0.002762,0,0.002762,0.001381,0,0,0.004144,0.001381,0.001381,0,0.625363,0.805269,0.375807,0.463268,0.4,0.312239,0.95,0.415656,0.380503,0.045455,0,0.242424,0.293723,0.368375,0.23174,0.772345,0.073812,Non-Interactive
hsa_8912,D00726,0.005115,0.000853,0.000853,0.000853,0.001279,0.001705,0.004263,0.004689,0.002558,0.001279,0,0,0,0.000853,0.001705,0.000426,0.002558,0.657776,0.740178,0.263442,0.277601,0.4,0.224279,0.55,0.420159,0.116352,0,0,0.635417,0.113955,0.5,0.486142,0.593019,0.026328,Non-Interactive
hsa_6339,D00537,0.002497,0,0.001248,0.002497,0.002497,0.001248,0.001248,0.002497,0,0,0.001248,0.001248,0,0,0,0.001248,0,0.604436,0.718593,0.35265,0.355269,0,0.203549,0.25,0.916176,0.349057,0.045455,0,0.305556,0.417564,0,1,0.812657,0.027694,Non-Interactive
hsa_2555,D05077,0.004444,0.004444,0,0,0,0,0,0.004444,0,0.006667,0,0,0.002222,0,0,0,0,0.625363,0.805269,0.375807,0.463268,0.4,0.312239,0.95,0.415656,0.380503,0.045455,0,0.242424,0.293723,0.368375,0.23174,0.772345,0.073812,Non-Interactive
hsa_3753,D00809,0,0,0,0.015625,0,0,0.007813,0.007813,0,0,0,0,0,0,0,0.007813,0,0.780046,0.67896,0.705587,0.287679,0.4,0.186969,0.7,0.06512,0.254717,0.045455,0,0.184783,0.121928,0,0.164043,0.681451,0.025733,Non-Interactive
hsa_57192,D02262,0.001727,0,0,0,0,0.003454,0.001727,0.005181,0,0,0,0,0,0,0.001727,0,0,0.779646,0.782608,0.415382,0.474388,0.4,0.213377,0.55,0.435746,0.352201,0.060606,0,0.189815,0.181901,0.733973,0.311342,0.768751,0.037738,Non-Interactive
hsa_3785,D01603,0.007117,0.002372,0,0.002372,0.001186,0.002372,0.001186,0.00949,0,0,0,0,0,0.001186,0.002372,0,0.002372,0.531749,0.720259,0.306581,0.259223,0.8,0.104439,0.3,0.306547,0.044025,0,0,0.439103,0.030774,0,0.141128,0.386719,0.007904,Non-Interactive
hsa_6337,D00708,0.001497,0.001497,0,0.001497,0.001497,0,0.001497,0.001497,0.001497,0.001497,0,0.002994,0.001497,0.002994,0,0,0.001497,0.564242,0.720287,0.220597,0.557724,0,0.111442,0.3,0.383443,0.113208,0,0,0.153646,0.05151,0,0.35102,0.611778,0.010014,Non-Interactive
hsa_9254,D00765,0.007867,0.000874,0,0.001748,0,0.000874,0.002622,0.005245,0.001748,0.000874,0,0,0,0,0.001748,0.001748,0.004371,0.761583,0.747815,0.435641,0.385561,0.6,0.397605,0.15,0.468653,0.801887,0.090909,0,0.200581,0.603071,0.618282,0.581458,0.950762,0.124506,Non-Interactive
hsa_3775,D02253,0.01194,0,0.002985,0,0.002985,0,0.002985,0.014925,0,0,0,0,0,0,0.00597,0.002985,0.002985,0.305676,0.594445,0.157573,0.462506,0.4,0.15575,0.4,0.617943,0.100629,0,0,0.479167,0.037782,0,0.742595,0.654677,0.011351,Non-Interactive
hsa_9132,D02086,0.002882,0.002882,0,0.001441,0.001441,0.002882,0,0.007205,0,0.001441,0,0,0,0,0.001441,0,0,0.843632,0.713968,0.456122,0.508234,0.4,0.172873,0.45,0.204018,0.072327,0,0,0.571078,0.128885,0,0.483476,0.537758,0.016046,Non-Interactive
hsa_2557,D00553,0,0.005425,0,0,0,0,0.001808,0.001808,0.003617,0.007233,0,0,0.001808,0,0,0.001808,0.001808,0.931072,0.800058,0.365757,0.433525,0.2,0.15575,0.45,0.215102,0.066038,0,0,0.544271,0.060938,0.855124,0.37752,0.496372,0.014025,Non-Interactive
hsa_1138,D00548,0.006424,0,0,0,0,0,0.004283,0.012848,0,0.002141,0.002141,0.004283,0,0,0,0,0,0.805907,0.68137,0.402443,0.532914,0,0.161721,0.4,0.33876,0.125786,0,0,0.342105,0.100295,0.855124,0.232733,0.616718,0.01774,Non-Interactive
hsa_6332,D00636,0.004759,0.00119,0.000595,0.000595,0,0.000595,0.002974,0.010113,0.00238,0.00119,0.000595,0.000595,0,0.00238,0.00119,0,0.004164,0.745356,0.772639,0.471538,0.50135,0.4,0.354376,0.9,0.287496,0.345912,0.015152,0,0.463384,0.352867,0.355131,0.358653,0.777082,0.085609,Non-Interactive
hsa_2891,D02362,0.002268,0,0,0.001134,0.002268,0.001134,0.003401,0.003401,0.002268,0.002268,0,0.001134,0,0.001134,0.001134,0.001134,0.001134,0.668488,0.744003,0.40148,0.291906,0.2,0.213377,0.45,0.281954,0.242138,0.015152,0,0.151235,0.148707,0.342766,0.202125,0.699609,0.042463,Non-Interactive
hsa_55800,D00694,0.004673,0,0,0,0,0,0.004673,0.009346,0.004673,0,0,0.004673,0,0.004673,0.004673,0,0,0.694594,0.740178,0.274211,0.400441,0,0.203549,0.85,0.570142,0.292453,0.015152,0,0.131944,0.236797,0,0.313557,0.713385,0.027368,Non-Interactive
hsa_26251,D00726,0.004301,0,0,0,0.002151,0,0.002151,0.006452,0,0.004301,0,0,0,0,0.006452,0,0,0.657776,0.740178,0.263442,0.277601,0.4,0.224279,0.55,0.420159,0.116352,0,0,0.635417,0.113955,0.5,0.486142,0.593019,0.026328,Non-Interactive
hsa_6340,D01603,0.003086,0,0,0.003086,0,0,0.001543,0.001543,0.001543,0,0,0.00463,0,0.001543,0.001543,0,0.003086,0.531749,0.720259,0.306581,0.259223,0.8,0.104439,0.3,0.306547,0.044025,0,0,0.439103,0.030774,0,0.141128,0.386719,0.007904,Non-Interactive
hsa_2742,D01256,0.004435,0.008869,0,0,0,0,0.004435,0.011086,0,0.008869,0,0.002217,0.002217,0.002217,0,0.002217,0.011086,0.733926,0.740178,0.232284,0.407641,0,0.213377,0.75,0.362314,0.402516,0.030303,0,0.112654,0.223678,0.845272,0.75148,0.81348,0.03646,Non-Interactive
hsa_3743,D00694,0.002198,0,0,0,0,0.002198,0.008791,0.004396,0,0.002198,0.002198,0,0.002198,0,0,0,0.002198,0.694594,0.740178,0.274211,0.400441,0,0.203549,0.85,0.570142,0.292453,0.015152,0,0.131944,0.236797,0,0.313557,0.713385,0.027368,Non-Interactive
hsa_2904,D04790,0.002697,0.000674,0,0.000674,0.000674,0.000674,0.00472,0.001349,0.002023,0.000674,0,0.001349,0.000674,0,0.000674,0,0.000674,0.732847,0.726039,0.286348,0.446715,0,0.314174,0.15,0.509179,0.264151,0.015152,0,0.553571,0.26515,0.553371,0.634674,0.756635,0.063115,Non-Interactive
hsa_27092,D00704,0.006135,0.003067,0,0,0,0,0.009202,0.006135,0,0.003067,0,0,0,0.003067,0,0.006135,0,0.736299,0.740178,0.218526,0.615528,0,0.068745,0.1,0.171112,0,0,0,0.609375,0,0,0.606193,0.308641,0.002258,Non-Interactive
hsa_5025,D00512,0.005168,0,0.002584,0,0,0,0,0.005168,0,0.005168,0,0,0,0,0.002584,0,0.007752,0.475011,0.673317,0.179462,0.502528,0.4,0.153974,0.3,0.618982,0.207547,0,0,0.107143,0.104814,0,0.317891,0.735649,0.017859,Non-Interactive
hsa_2893,D00367,0.00222,0.00333,0,0,0.00222,0.00111,0.009989,0.006659,0.00111,0.00333,0,0.00222,0.00111,0.00111,0.00222,0.00111,0.00111,0.689793,0.740178,0.249438,0.147505,0.4,0.148633,0.45,0.70523,0.361635,0.045455,1,0.094203,0.095081,0,0.402401,0.806977,0.020385,Non-Interactive
hsa_3747,D00351,0.004902,0,0,0,0.001634,0,0.001634,0.00817,0,0.003268,0.001634,0,0.003268,0.003268,0.001634,0,0.001634,0.532007,0.740178,0.224956,0.293059,0,0.387763,0.4,1,0.427673,0,0,0.244792,0.284904,0.330717,0.418573,0.819239,0.138947,Non-Interactive
hsa_6323,D00791,0.005478,0.002988,0.000498,0,0,0.000996,0.003984,0.006972,0.003486,0.00249,0.000996,0.000498,0.000996,0.001494,0.00249,0.000996,0.002988,0.794409,0.775553,0.433084,0.343511,0.8,0.312239,0.65,0.207828,0.389937,0.045455,0,0.305556,0.294637,0.57126,0.379111,0.779941,0.077319,Non-Interactive
hsa_56479,D00195,0.001085,0.001085,0,0.001085,0.001085,0.001085,0.002169,0.004338,0,0.001085,0,0,0,0,0.002169,0,0,0.848662,0.665701,0.425893,0.446565,0.4,0.160726,0.4,0.321787,0.679245,0.287879,1,0.11859,0.199607,0,0.447324,0.894521,0.02401,Non-Interactive
hsa_3739,D00812,0.006135,0,0,0,0,0.001534,0.006135,0.001534,0.001534,0.001534,0,0,0.001534,0,0,0,0.001534,0.775837,0.653164,0.522371,0.301877,0.2,0.170441,0.65,0.060963,0.248428,0.045455,0,0.195076,0.091458,0,0.066847,0.675237,0.022078,Non-Interactive
hsa_3778,D00649,0.00254,0.00254,0.000847,0.000847,0,0.00254,0.001693,0.006774,0.001693,0.00254,0,0.000847,0.000847,0.000847,0.001693,0.001693,0.004234,0.625614,0.740178,0.266549,0.535804,0.6,0.138635,0.7,0.813994,0.084906,0,0,0.444444,0.075868,0,0.649424,0.552278,0.01046,Non-Interactive
hsa_3750,D00618,0.003096,0.001548,0,0,0,0.001548,0.006192,0.004644,0,0.003096,0,0,0.001548,0,0.003096,0,0.004644,0.637648,0.69384,0.297732,0.814175,0,0.331196,0.55,0.416003,0.339623,0,0,0.461207,0.480195,0.213781,0.444653,0.774572,0.053428,Non-Interactive
hsa_3749,D06172,0.0016,0,0,0.0016,0.0016,0,0.0016,0.008,0.0016,0.0032,0.0016,0,0.0032,0.0048,0.0032,0,0.0016,1,0.683829,0.262632,0.312395,0,0.121531,0.45,0.210946,0.066038,0,0,0.479167,0.045704,0,0.5453,0.512764,0.008558,Non-Interactive
hsa_8989,D00733,0.005367,0.003578,0,0.000894,0.000894,0,0.001789,0.010733,0.003578,0.001789,0,0.000894,0,0,0,0.000894,0.006261,0.684042,0.795263,0.411933,0.428931,0.4,0.280165,0.7,0.447523,0.216981,0.015152,0,0.519231,0.181292,0.48189,0.240327,0.665597,0.048673,Non-Interactive
hsa_1136,D01603,0.003968,0,0,0,0,0,0.005952,0.009921,0,0.005952,0,0.001984,0,0,0,0,0.001984,0.531749,0.720259,0.306581,0.259223,0.8,0.104439,0.3,0.306547,0.044025,0,0,0.439103,0.030774,0,0.141128,0.386719,0.007904,Non-Interactive
hsa_784,D00477,0.008282,0,0,0.00207,0,0,0.00207,0.004141,0,0,0,0,0,0.00207,0,0.004141,0.00207,0.729044,0.788844,0.383372,0.353347,0.4,0.172873,0.5,0.361621,0.075472,0,0,0.571078,0.09872,1,0.388004,0.489518,0.017888,Non-Interactive
hsa_6336,D02234,0.00665,0.001023,0.000512,0.000512,0,0,0.002558,0.004604,0.001535,0.001023,0.000512,0.000512,0.001535,0.001535,0.002558,0.000512,0.002558,0.715076,0.758627,0.670699,0.240261,0.4,0.180853,0.8,0.069276,0.330189,0.045455,0,0,0.140836,0,0.151995,0.73493,0.0271,Non-Interactive
hsa_6339,D02092,0.002497,0,0.001248,0.002497,0.002497,0.001248,0.001248,0.002497,0,0,0.001248,0.001248,0,0,0,0.001248,0,0.662932,0.740178,0.25736,0.264099,0.4,0.371257,0.55,0.589886,0.261006,0,0,0.417892,0.226996,0.434205,0.430899,0.730327,0.10531,Non-Interactive
hsa_8989,D00536,0.005367,0.003578,0,0.000894,0.000894,0,0.001789,0.010733,0.003578,0.001789,0,0.000894,0,0,0,0.000894,0.006261,0.503643,0.806866,0.141739,0.446412,0,0.172873,0.3,0.252858,0.084906,0,0,0.509804,0.136502,0,0.282906,0.48977,0.016284,Non-Interactive
hsa_2890,D00618,0.003315,0.001105,0,0.00221,0.001105,0.001105,0.003315,0.00442,0.00221,0.00221,0,0.001105,0,0,0.001105,0,0.001105,0.637648,0.69384,0.297732,0.814175,0,0.331196,0.55,0.416003,0.339623,0,0,0.461207,0.480195,0.213781,0.444653,0.774572,0.053428,Non-Interactive
hsa_5024,D01242,0,0.002525,0.002525,0,0,0,0.002525,0.005051,0,0,0,0,0,0,0.005051,0,0.010101,0.897155,0.846048,0.674354,0.466902,0.4,0.170441,0.65,0.145826,0.27044,0.045455,0,0.242424,0.197441,0,0.264167,0.702988,0.021633,Non-Interactive
hsa_5025,D01071,0.005168,0,0.002584,0,0,0,0,0.005168,0,0.005168,0,0,0,0,0.002584,0,0.007752,0.423391,0.627821,0.214001,0.420028,0,0.144915,0.4,0.354001,0.147799,0,0,0.131944,0.097806,0,0.632991,0.698339,0.013134,Non-Interactive
hsa_3758,D00329,0,0,0,0,0.002564,0.002564,0.005128,0.010256,0,0,0,0,0,0,0.005128,0.002564,0.007692,0.696353,0.740178,0.26131,0.294813,0.4,0.287056,0.85,0.4115,0.342767,0.015152,0,0.317529,0.386722,0.374558,0.349243,0.748747,0.051437,Non-Interactive
hsa_27092,D00110,0.006135,0.003067,0,0,0,0,0.009202,0.006135,0,0.003067,0,0,0,0.003067,0,0.006135,0,0.564038,0.891246,0.379736,0.666605,0.4,0.203549,0.45,0.313128,0.261006,0.015152,0,0.262153,0.218177,0.855124,0.348634,0.725776,0.029864,Non-Interactive
hsa_3765,D00636,0.005102,0,0,0,0.002551,0,0.005102,0.005102,0,0,0,0,0.002551,0,0.002551,0,0,0.745356,0.772639,0.471538,0.50135,0.4,0.354376,0.9,0.287496,0.345912,0.015152,0,0.463384,0.352867,0.355131,0.358653,0.777082,0.085609,Non-Interactive
hsa_782,D01108,0.0067,0,0,0,0.001675,0,0.001675,0.00335,0.001675,0.001675,0,0,0,0,0.001675,0.001675,0,0,0.740178,0.022321,0,0,0,0.25,0.478005,0,0,0,0.479167,0,0,0.91064,0,0,Non-Interactive
hsa_1135,D00035,0.007576,0,0,0,0,0.001894,0.003788,0.011364,0.001894,0.003788,0,0.003788,0,0,0.001894,0,0,0.857472,0.577556,0.276801,0.641431,0.2,0.019334,0.15,0.151715,0.012579,0,0,0.21875,0,0,0.237507,0.319038,0.001367,Non-Interactive
hsa_22953,D00726,0.005025,0,0.002513,0,0,0,0,0.005025,0,0.002513,0.002513,0,0,0,0.002513,0,0.005025,0.657776,0.740178,0.263442,0.277601,0.4,0.224279,0.55,0.420159,0.116352,0,0,0.635417,0.113955,0.5,0.486142,0.593019,0.026328,Non-Interactive
hsa_8973,D00823,0.004184,0.002092,0,0,0,0,0.004184,0.012552,0,0.004184,0,0.002092,0.002092,0,0.006276,0,0,0.740672,0.756072,0.362717,0.441664,0.2,0.229268,0.35,0.115691,0.160377,0,0,0.456522,0.090798,0.702859,0.380474,0.628154,0.033637,Non-Interactive
hsa_2742,D02566,0.004435,0.008869,0,0,0,0,0.004435,0.011086,0,0.008869,0,0.002217,0.002217,0.002217,0,0.002217,0.011086,0.758719,0.617275,0.460902,0.255537,0.2,0.164701,0.3,0.272255,0.437107,0.121212,0,0.175347,0.119439,0,0.221964,0.812991,0.023594,Non-Interactive
hsa_6329,D01108,0.004905,0.00218,0.000545,0,0,0,0.00436,0.005995,0.003815,0.00327,0.000545,0.000545,0.000545,0.002725,0.00327,0.00109,0.00327,0,0.740178,0.022321,0,0,0,0.25,0.478005,0,0,0,0.479167,0,0,0.91064,0,0,Non-Interactive
hsa_783,D00759,0.006623,0,0,0,0,0,0.004967,0.003311,0,0,0,0.001656,0,0,0,0.006623,0,0.770551,0.758355,0.516625,0.414274,0.4,0.881626,0.4,0.678905,0.845912,0.030303,0,0.479167,0.802559,0.540636,0.496874,0.955476,0.821086,Non-Interactive
hsa_10008,D00274,0,0,0,0,0,0.009804,0,0.009804,0,0,0,0,0,0.009804,0,0,0,0.662932,0.740178,0.25736,0.264099,0.4,0.371257,0.55,0.589886,0.261006,0,0,0.417892,0.226996,0.434205,0.430899,0.730327,0.10531,Non-Interactive
hsa_3744,D02207,0.003922,0.003922,0,0,0,0.001961,0.003922,0.001961,0.001961,0.003922,0,0,0.003922,0,0,0.001961,0.003922,0.824235,0.837119,0.458883,0.43552,0.6,0.489716,0.75,0.206096,0.798742,1,0,0.142157,0.755637,0.534849,0.453057,0.925671,0.186492,Non-Interactive
hsa_8989,D01287,0.005367,0.003578,0,0.000894,0.000894,0,0.001789,0.010733,0.003578,0.001789,0,0.000894,0,0,0,0.000894,0.006261,0.881892,0.737802,0.439324,0.648594,0.4,0.212341,0.45,0.210946,0.147799,0,0,0.38447,0.175198,0.285512,0.316916,0.633217,0.027992,Non-Interactive
hsa_3776,D00765,0.002375,0,0,0,0,0,0.007126,0.004751,0,0,0,0.002375,0.002375,0,0.004751,0.004751,0,0.761583,0.747815,0.435641,0.385561,0.6,0.397605,0.15,0.468653,0.801887,0.090909,0,0.200581,0.603071,0.618282,0.581458,0.950762,0.124506,Non-Interactive
hsa_6330,D00633,0,0,0,0,0,0,0,0,0,0,0,0,0,0,0,0,0,0.845319,0.591438,0.229047,0.420798,0,0.070307,0.4,0.146519,0.044025,0,0,0.431818,0.030165,0,0.448735,0.421324,0.004279,Non-Interactive
hsa_3762,D03037,0.002392,0.002392,0,0,0.002392,0,0.002392,0.004785,0.004785,0.002392,0,0.002392,0.002392,0,0.002392,0,0,0.69159,0.740178,0.252271,0.128023,0.8,0.345505,0.95,0.299965,0.264151,0,0,0.255952,0.198405,0.509331,0.374396,0.742758,0.110748,Non-Interactive
hsa_5026,D00547,0.007143,0.002381,0.002381,0,0,0,0,0.007143,0,0,0,0.002381,0,0,0,0.004762,0.004762,0.693734,0.822292,0.350864,0.179814,0,0.120303,0,0.047454,0,0,0,1,0,0,0.949171,0.496332,0.005111,Non-Interactive
hsa_26251,D02088,0.004301,0,0,0,0.002151,0,0.002151,0.006452,0,0.004301,0,0,0,0,0.006452,0,0,1,0.683829,0.262632,0.312395,0,0.121531,0.45,0.210946,0.066038,0,0,0.479167,0.045704,0,0.5453,0.512764,0.008558,Non-Interactive
hsa_7881,D00574,0,0,0.002457,0,0.004914,0.004914,0.002457,0.002457,0,0,0,0,0,0.002457,0,0,0,0.582579,0.694424,0.169766,0.330112,0,0.144915,0.35,0.377208,0.154088,0,0,0.189815,0.150518,0,0.649126,0.665265,0.013907,Non-Interactive
hsa_55503,D00593,0.006906,0,0.001381,0,0,0,0.004144,0.002762,0,0.002762,0.001381,0,0,0.004144,0.001381,0.001381,0,0.439647,0.782114,0.176977,0.55285,0,0.405068,0.65,0.618635,0.254717,0,0,0.363426,0.308975,0.513947,0.60367,0.762023,0.129974,Non-Interactive
hsa_41,D00607,0.003795,0.001898,0,0,0.003795,0.003795,0,0.003795,0.001898,0.003795,0,0,0,0,0.003795,0,0.001898,0.541317,0.727117,0.262621,0.2943,0.6,0.111442,0.2,0.705923,0.106918,0,0,0.21875,0.094488,0,0.428653,0.584843,0.011143,Non-Interactive
hsa_777,D00735,0.004407,0.001763,0,0.000881,0,0.000441,0.005289,0.003967,0.002644,0.001763,0,0.000441,0,0.001322,0.001763,0.000441,0.001763,0.66007,0.795327,0.477939,0.423205,0.4,0.212341,0.45,0.240042,0.125786,0,0,0.38447,0.106338,0.190813,0.146107,0.559116,0.033875,Non-Interactive
hsa_3745,D00528,0.002334,0.001167,0,0,0.001167,0.002334,0.005834,0.004667,0.003501,0.002334,0,0,0.001167,0.002334,0,0.003501,0.004667,0.689399,0.324705,0.334892,0.434875,0,0.094791,0.55,0.425701,0.144654,0.015152,0,0.166667,0,0,0.438183,0.665984,0.007191,Non-Interactive
hsa_6337,D00678,0.001497,0.001497,0,0.001497,0.001497,0,0.001497,0.001497,0.001497,0.001497,0,0.002994,0.001497,0.002994,0,0,0.001497,0.601625,0.729252,0.416082,0.41984,0,0.180853,0.55,0.46311,0.330189,0.045455,0,0.125,0.131966,0.393357,0.296836,0.776138,0.02915,Non-Interactive
hsa_11280,D02360,0.005028,0.002235,0.001117,0,0,0.000559,0.005587,0.005587,0.002235,0.001676,0,0.000559,0.001117,0.000559,0.003352,0.000559,0.004469,0.782005,0.740178,0.323623,0.23122,0.2,0.170441,0.3,0.070662,0.245283,0.015152,0,0.195076,0.172761,0,0.325869,0.698734,0.022405,Non-Interactive
hsa_2741,D00477,0.004464,0.008929,0,0.002232,0,0,0.002232,0.006696,0.002232,0.006696,0,0.002232,0.002232,0.004464,0,0,0.008929,0.729044,0.788844,0.383372,0.353347,0.4,0.172873,0.5,0.361621,0.075472,0,0,0.571078,0.09872,1,0.388004,0.489518,0.017888,Non-Interactive
hsa_781,D00678,0.007339,0.000917,0,0.001835,0,0,0.001835,0.004587,0.001835,0,0,0,0,0,0.000917,0.000917,0.00367,0.601625,0.729252,0.416082,0.41984,0,0.180853,0.55,0.46311,0.330189,0.045455,0,0.125,0.131966,0.393357,0.296836,0.776138,0.02915,Non-Interactive
hsa_3784,D02360,0.002963,0,0,0,0.005926,0.001481,0.002963,0.007407,0,0,0,0,0.001481,0,0.001481,0,0.001481,0.782005,0.740178,0.323623,0.23122,0.2,0.170441,0.3,0.070662,0.245283,0.015152,0,0.195076,0.172761,0,0.325869,0.698734,0.022405,Non-Interactive
hsa_2905,D00593,0.002435,0,0,0.000812,0.003247,0,0.003247,0.006494,0.000812,0.000812,0.000812,0,0,0,0.000812,0.000812,0,0.439647,0.782114,0.176977,0.55285,0,0.405068,0.65,0.618635,0.254717,0,0,0.363426,0.308975,0.513947,0.60367,0.762023,0.129974,Non-Interactive
hsa_3749,D00694,0.0016,0,0,0.0016,0.0016,0,0.0016,0.008,0.0016,0.0032,0.0016,0,0.0032,0.0048,0.0032,0,0.0016,0.694594,0.740178,0.274211,0.400441,0,0.203549,0.85,0.570142,0.292453,0.015152,0,0.131944,0.236797,0,0.313557,0.713385,0.027368,Non-Interactive
hsa_81033,D00708,0.003021,0,0,0,0.001007,0.001007,0.005035,0.008056,0.001007,0,0.001007,0,0.001007,0.002014,0.001007,0,0.003021,0.564242,0.720287,0.220597,0.557724,0,0.111442,0.3,0.383443,0.113208,0,0,0.153646,0.05151,0,0.35102,0.611778,0.010014,Non-Interactive
hsa_3759,D02163,0.007042,0,0,0,0.002347,0,0,0.004695,0,0.002347,0,0,0.002347,0,0.00939,0,0,0.794409,0.775553,0.433084,0.343511,0.8,0.312239,0.65,0.207828,0.389937,0.045455,0,0.305556,0.294637,0.57126,0.379111,0.779941,0.077319,Non-Interactive
hsa_116443,D02914,0.002693,0.002693,0,0.000898,0,0,0.004488,0.005386,0.001795,0.003591,0.000898,0.000898,0,0,0,0,0.002693,0.682544,0.740178,0.267758,0.445669,0,0.331196,0.55,0.554555,0.345912,0,0,0.497126,0.365021,0.321555,0.318716,0.765662,0.054081,Non-Interactive
hsa_3748,D00274,0.003968,0,0,0.001323,0.001323,0,0.002646,0.010582,0,0.002646,0.001323,0,0.002646,0.002646,0.003968,0.001323,0.001323,0.662932,0.740178,0.25736,0.264099,0.4,0.371257,0.55,0.589886,0.261006,0,0,0.417892,0.226996,0.434205,0.430899,0.730327,0.10531,Non-Interactive
hsa_3790,D00543,0.010204,0,0,0,0.002041,0.002041,0.004082,0.002041,0,0,0.002041,0,0.002041,0,0.004082,0.002041,0.002041,0.598036,0.740178,0.275627,0.53109,0,0.085931,0,0.074818,0,0,0,1,0,0,0.901293,0.382315,0.00309,Non-Interactive
hsa_3769,D00739,0.010753,0.032258,0.010753,0,0.010753,0,0,0,0,0,0,0,0,0,0,0,0,0.704197,0.769131,0.538573,0.277514,0.4,0.212341,0.4,0.297887,0.106918,0,0,0.431818,0.082876,0.34205,0.001494,0.525973,0.03649,Non-Interactive
hsa_2561,D00594,0,0.006342,0,0,0,0,0.004228,0.002114,0.002114,0.006342,0,0,0.002114,0.004228,0,0,0,0.559142,0.694583,0.301567,0.571944,0,0.388155,0.5,0.587461,0.308176,0,0,0.404762,0.295856,0.46793,0.339605,0.748196,0.099605,Non-Interactive
hsa_55515,D00110,0.003008,0.001504,0,0,0.001504,0,0,0.003008,0,0,0,0,0,0,0,0.001504,0.004511,0.564038,0.891246,0.379736,0.666605,0.4,0.203549,0.45,0.313128,0.261006,0.015152,0,0.262153,0.218177,0.855124,0.348634,0.725776,0.029864,Non-Interactive
hsa_3758,D00504,0,0,0,0,0.002564,0.002564,0.005128,0.010256,0,0,0,0,0,0,0.005128,0.002564,0.007692,0.181293,0.714064,0.086377,0.553311,0,0.104439,0.3,0.26602,0.044025,0,0,0.358974,0.067946,0,0.343598,0.402567,0.007726,Non-Interactive
hsa_785,D02101,0.007707,0,0,0,0,0.001927,0.009634,0.003854,0.003854,0,0,0,0,0,0,0.003854,0,0.848662,0.665701,0.425893,0.446565,0.4,0.160726,0.4,0.321787,0.679245,0.287879,1,0.11859,0.199607,0,0.447324,0.894521,0.02401,Non-Interactive
hsa_3745,D00607,0.002334,0.001167,0,0,0.001167,0.002334,0.005834,0.004667,0.003501,0.002334,0,0,0.001167,0.002334,0,0.003501,0.004667,0.541317,0.727117,0.262621,0.2943,0.6,0.111442,0.2,0.705923,0.106918,0,0,0.21875,0.094488,0,0.428653,0.584843,0.011143,Non-Interactive
hsa_10008,D01712,0,0,0,0,0,0.009804,0,0.009804,0,0,0,0,0,0.009804,0,0,0,0.699978,0.081422,0.28233,0.322003,0,0.078215,0.55,0.401108,0.122642,0.015152,0,0.107143,0,0,0.37702,0.63241,0.005794,Non-Interactive
hsa_2556,D00799,0.002037,0.004073,0,0,0,0,0.004073,0.002037,0.002037,0.004073,0,0,0.002037,0,0,0,0,0.767863,0.809861,0.49007,0.336193,0.8,0.27911,0.65,0.100104,0.371069,0.045455,0,0.260753,0.279707,0.652869,0.416538,0.772619,0.061183,Non-Interactive
hsa_8989,D00335,0.005367,0.003578,0,0.000894,0.000894,0,0.001789,0.010733,0.003578,0.001789,0,0.000894,0,0,0,0.000894,0.006261,0.559006,0.82656,0.255218,0.578458,0,0.354376,0.65,0.587115,0.220126,0,0,0.305556,0.265082,0.57126,0.467783,0.703367,0.101447,Non-Interactive
hsa_89822,D00252,0,0,0,0.007407,0,0,0,0.007407,0,0.003704,0,0,0.003704,0.003704,0,0.003704,0.003704,0.539776,0.58873,0.143227,0.4654,0,0.137575,0.9,0.235192,0.22956,0.045455,0,0.0625,0.085348,0,0.141081,0.683386,0.015006,Non-Interactive
hsa_27092,D00542,0.005533,0.002287,0,0.000029,0,0.000356,0.006746,0.0047,0.001575,0.0029,0,0.000385,0,0.001944,0.000364,0.00464,0.001158,0.699683,0.740178,0,0,0,0.034372,0,0,0,0,0,1,0,0,0.876471,0.24585,0.000773,Interactive
hsa_10369,D00332,0.005459,0.002215,0,0.001609,0.001632,0,0.002525,0.006707,0.001705,0.000336,0,0.000131,0.000737,0.000318,0.00022,0.001311,0.003178,0.636296,0.733744,0.172163,0.462245,0,0.087363,0.15,0.161067,0.037736,0,0,0.392361,0.02986,0,0.504484,0.483738,0.00526,Interactive
hsa_59284,D01295,0.001387,0.000853,0,0.00056,0.00083,0,0.002893,0.013597,0.003597,0.000643,0,0.00072,0,0.000884,0.002836,0.000265,0.001208,0.80456,0.734007,0.705307,0.511554,0.8,0.27911,0.4,0.1053,0.251572,0,0,0.159946,0.193784,0.403658,0,0.701083,0.068463,Interactive
hsa_2554,D02461,0.000893,0.004354,0,0,0,0,0.002895,0.001842,0.003347,0.004091,0,0,0.001943,0,0,0.001399,0.001059,0.776751,0.628648,0.250436,0.5301,0,0.220175,0.3,0.710772,0.286164,0.015152,0,0.291667,0.215756,0.593062,0.62639,0.792949,0.036579,Interactive
hsa_3743,D00294,0.005523,0.001602,0,0.001351,0.001347,0.001983,0.001118,0.00693,0.000342,0.001351,0,0,0.000154,0,0.000796,0.001224,0,0.686336,0.740178,0.263516,0.459139,0.4,0.094791,0.6,0.334257,0.132075,0.015152,0,0.097222,0.045094,0,0.745366,0.631611,0.007488,Interactive
hsa_51802,D00252,0.005284,0.002838,0.000531,0,0,0.000271,0.003744,0.005968,0.003929,0.002205,0.000958,0.000525,0.000501,0.001522,0.002668,0.000837,0.003375,0.539776,0.58873,0.143227,0.4654,0,0.137575,0.9,0.235192,0.22956,0.045455,0,0.0625,0.085348,0,0.141081,0.683386,0.015006,Interactive
hsa_6328,D00332,0.006153,0.001394,0.000389,0.00076,0,0,0.004358,0.004624,0.001936,0.000954,0.00014,0.000479,0.000291,0.001473,0.002481,0.001466,0.002564,0.636296,0.733744,0.172163,0.462245,0,0.087363,0.15,0.161067,0.037736,0,0,0.392361,0.02986,0,0.504484,0.483738,0.00526,Interactive
hsa_6328,D00741,0.006286,0.001054,0.000497,0.000188,0,0.00026,0.002906,0.005058,0.002614,0.001119,0.00138,0.000511,0.001331,0.001515,0.002503,0.000505,0.003721,0.804797,0.827811,0.476342,0.581463,0.4,0.207138,0.5,0.310357,0.100629,0,0,0.616228,0.106033,0.327108,0.312976,0.506346,0.02603,Interactive
hsa_116443,D00536,0.003681,0.002874,0,0.001537,0,0,0.003183,0.006227,0.001614,0.003633,0.000197,0.000665,0.001449,0.00045,0.000262,0,0.002721,0.503643,0.806866,0.141739,0.446412,0,0.172873,0.3,0.252858,0.084906,0,0,0.509804,0.136502,0,0.282906,0.48977,0.016284,Interactive
hsa_27133,D00294,0.004854,0,0,0,0,0.001593,0.009679,0.002004,0.000203,0.001656,0,0,0.001575,0.00089,0.000077,0,0.003265,0.686336,0.740178,0.263516,0.459139,0.4,0.094791,0.6,0.334257,0.132075,0.015152,0,0.097222,0.045094,0,0.745366,0.631611,0.007488,Interactive
hsa_3738,D02272,0.001981,0.001249,0,0,0.000152,0.002093,0.004246,0.004605,0.001642,0.002216,0,0,0.001591,0,0.001065,0.003406,0.001838,0.779646,0.782608,0.415382,0.474388,0.4,0.213377,0.55,0.435746,0.352201,0.060606,0,0.189815,0.181901,0.733973,0.311342,0.768751,0.037738,Interactive
hsa_10369,D00512,0.000697,0.000375,0,0.001868,0.001628,0,0.001944,0.00582,0.001961,0,0,0,0,0,0.001989,0.002354,0.004654,0.475011,0.673317,0.179462,0.502528,0.4,0.153974,0.3,0.618982,0.207547,0,0,0.107143,0.104814,0,0.317891,0.735649,0.017859,Interactive
hsa_1135,D05453,0.00417,0.004437,0,0,0,0,0.006397,0.011149,0,0.004445,0,0.004369,0.000837,0,0.005857,0,0,0.693474,0.689137,0.591828,0.368913,0.4,0.137575,0.3,0.064773,0.176101,0,0,0.0625,0.087751,0,0.0674,0.678484,0.015838,Interactive
hsa_3758,D00336,0.001385,0,0.000484,0,0.000866,0.001251,0.005252,0.006876,0.000158,0,0.000501,0.000285,0.000424,0,0.003005,0.001011,0.006179,0.68517,0.740178,0.260553,0.318051,0,0.388155,0.65,0.512297,0.238994,0,0,0.345238,0.265082,0.497055,0.481032,0.731442,0.118325,Interactive
hsa_775,D00542,0.002839,0.001472,0.000729,0.001299,0.001413,0.001059,0.004328,0.003859,0.002589,0.000863,0.00001,0.000475,0.000795,0.000895,0.001075,0.000741,0.003923,0.699683,0.740178,0,0,0,0.034372,0,0,0,0,0,1,0,0,0.876471,0.24585,0.000773,Interactive
hsa_51802,D00252,0.004296,0.000445,0.000512,0.001557,0.000782,0.000484,0.002493,0.005754,0.003818,0.000429,0.000119,0.000399,0.000467,0.001132,0.002536,0.001599,0.005413,0.539776,0.58873,0.143227,0.4654,0,0.137575,0.9,0.235192,0.22956,0.045455,0,0.0625,0.085348,0,0.141081,0.683386,0.015006,Interactive
hsa_3760,D02356,0.00428,0.014241,0.0082,0,0.005191,0.001641,0.001009,0.000699,0,0,0,0,0,0,0,0.001739,0,0.873125,0.660895,0.529463,0.470891,0.4,0.416452,0.4,0.35123,0.257862,0,0,0.571078,0.371725,0.381625,0.541931,0.754651,0.109411,Interactive
hsa_2554,D05461,0,0.006304,0,0,0,0.002,0.000839,0.000115,0.002703,0.007486,0,0,0.002097,0,0,0.00057,0.004075,0.617881,0.658843,0.331855,0.427031,0.2,0.220175,0.75,0.569103,0.31761,0.015152,0,0.208333,0.234004,0.515901,0.414757,0.74844,0.032687,Interactive
hsa_3741,D00640,0.006768,0.001748,0.000428,0,0.000188,0.002962,0.008277,0.00467,0.003392,0.000278,0.000338,0.000466,0.000747,0.000568,0.002152,0.000102,0.0009,0.808113,0.749358,0.394705,0.477374,0.2,0.280165,0.45,0.375476,0.144654,0,0,0.479167,0.160268,0.39311,0.16544,0.605613,0.052596,Interactive
hsa_2897,D02546,0.002367,0,0,0,0,0.00109,0.005448,0.002336,0.00109,0.001474,0,0.00112,0.001203,0.003217,0.00109,0,0.001709,0.772861,0.68339,0.229687,0.482006,0.2,0.138635,0.15,0.290959,0.100629,0,0,0.444444,0,0,0.517414,0.584196,0.010014,Interactive
hsa_11280,D00110,0.001731,0,0,0.002856,0.002681,0.001166,0.007536,0.008047,0.00002,0,0.001618,0,0.001621,0,0,0.000166,0.000886,0.564038,0.891246,0.379736,0.666605,0.4,0.203549,0.45,0.313128,0.261006,0.015152,0,0.262153,0.218177,0.855124,0.348634,0.725776,0.029864,Interactive
hsa_6328,D00739,0.00551,0.002193,0.0005,0,0,0.000459,0.003311,0.006035,0.003222,0.001501,0.001292,0.000502,0.000505,0.001504,0.002492,0.000499,0.003613,0.704197,0.769131,0.538573,0.277514,0.4,0.212341,0.4,0.297887,0.106918,0,0,0.431818,0.082876,0.34205,0.001494,0.525973,0.03649,Interactive
hsa_3757,D00648,0.001822,0,0,0.000414,0.002976,0,0.00433,0.008021,0.00011,0.001196,0.000662,0,0.000161,0,0.000752,0.001662,0.001024,0.696652,0.691897,0.41984,0.358727,0.312794,0.168059,0.385236,0.296975,0.143144,0.0293,0,0.50108,0.183165,0.316174,0.339782,0.801589,0.03028,Interactive
hsa_3756,D00294,0.004177,0.000415,0,0,0.001195,0.00379,0.002949,0.002168,0.00123,0.002088,0.001644,0,0.000765,0.002814,0.002106,0.000724,0.002092,0.686336,0.740178,0.263516,0.459139,0.4,0.094791,0.6,0.334257,0.132075,0.015152,0,0.097222,0.045094,0,0.745366,0.631611,0.007488,Interactive
hsa_10369,D00629,0.005636,0.002211,0.00047,0.000042,0.000448,0.000442,0.003919,0.003585,0.00413,0.000894,0,0.001062,0.000262,0.001413,0.001345,0.000446,0.002614,0.585647,0.654403,0.29757,0.653341,0,0.297163,0.55,0.409075,0.305031,0,0,0.421296,0.320536,0,0.427335,0.756183,0.04383,Interactive
hsa_2554,D02253,0.000084,0.004714,0,0,0,0.000022,0.002398,0.000217,0.002078,0.004423,0,0,0.002127,0,0,0,0.003679,0.305676,0.594445,0.157573,0.462506,0.4,0.15575,0.4,0.617943,0.100629,0,0,0.479167,0.037782,0,0.742595,0.654677,0.011351,Interactive
hsa_116444,D03878,0.003592,0.00074,0,0.000264,0.000703,0.000077,0.002226,0.002763,0.001805,0.000389,0,0.000145,0.000064,0.000027,0.000615,0,0.00029,0.670384,0.617029,0.394442,0.419971,0.2,0.101055,0.3,0.08417,0.342767,0.090909,0,0.010417,0.025628,0,0.286549,0.78119,0.012243,Interactive
hsa_775,D00438,0.004436,0.005739,0,0.000803,0.001237,0,0.003425,0.007639,0,0.00045,0,0.001619,0.000628,0.000431,0.002872,0.000185,0.001035,0.6175,0.733644,0.350404,0.65515,0,0.365273,0.55,0.494285,0.342767,0,0,0.495968,0.381475,0.375442,0.445486,0.770378,0.067572,Interactive
hsa_22953,D00528,0.004833,0,0.002506,0,0.000777,0,0,0.004878,0,0.000942,0.004826,0,0,0,0.002449,0,0.009944,0.689399,0.324705,0.334892,0.434875,0,0.094791,0.55,0.425701,0.144654,0.015152,0,0.166667,0,0,0.438183,0.665984,0.007191,Interactive
hsa_1135,D02207,0.007576,0,0,0,0,0.001894,0.003788,0.011364,0.001894,0.003788,0,0.003788,0,0,0.001894,0,0,0.783412,0.748674,0.522841,0.480202,0.4,0.988634,0.41457,0.668356,0.895807,0.030303,0,0.490132,0.81902,0.533471,0.515615,0.998662,0.83619,Interactive
hsa_3757,D05024,0.005828,0.002227,0.000317,0.000368,0.000445,0.000448,0.003951,0.004518,0.004275,0.000896,0,0.001185,0.000424,0.001421,0.001342,0.000447,0.002651,0.726062,0.635462,0.424195,0.490974,0.4,0.412366,0.45,0.428126,0.418239,0.030303,0,0.412393,0.442752,0.540546,0.46982,0.824904,0.129498,Interactive
hsa_2560,D00545,0.006104,0.003089,0,0.001623,0,0.000713,0.001673,0.003257,0.00095,0.003649,0,0,0.00203,0.0007,0.002058,0,0.003059,0.704934,0.740178,0.321295,0.003122,0,0.085931,0,0.056806,0,0,0,1,0,0,0.911987,0.363613,0.00318,Interactive
hsa_6328,D00358,0.00448,0.000371,0.000169,0.000311,0.000715,0.001525,0.002761,0.004042,0.000408,0.000449,0.000332,0.000253,0.000013,0.00113,0.002143,0.000167,0.002234,0.843632,0.713968,0.456122,0.508234,0.4,0.172873,0.45,0.204018,0.072327,0,0,0.571078,0.128885,0,0.483476,0.537758,0.016046,Interactive
hsa_6337,D02356,0.0048,0.003958,0,0.000437,0,0,0.006281,0.005073,0.001372,0.000231,0,0.001179,0,0.001004,0.003698,0.000508,0.002693,0.873125,0.660895,0.529463,0.470891,0.4,0.416452,0.4,0.35123,0.257862,0,0,0.571078,0.371725,0.381625,0.541931,0.754651,0.109411,Interactive
hsa_1134,D00195,0.004386,0.002193,0,0,0,0.002193,0.008772,0.004386,0,0.006579,0,0.004386,0,0,0,0,0.002193,0.848662,0.665701,0.425893,0.446565,0.4,0.160726,0.4,0.321787,0.679245,0.287879,1,0.11859,0.199607,0,0.447324,0.894521,0.02401,Interactive
hsa_2560,D00548,0,0.003465,0.00188,0.000419,0,0,0.002097,0.002961,0.002084,0.00828,0,0.000461,0.002111,0.002188,0,0,0.005686,0.805907,0.68137,0.402443,0.532914,0,0.161721,0.4,0.33876,0.125786,0,0,0.342105,0.100295,0.855124,0.232733,0.616718,0.01774,Interactive
hsa_3741,D02272,0.006372,0.002089,0.00006,0,0.001289,0.00293,0.005938,0.005296,0.000327,0.002236,0.000232,0.000341,0.000149,0.001016,0.0021,0.000068,0.000072,0.779646,0.782608,0.415382,0.474388,0.4,0.213377,0.55,0.435746,0.352201,0.060606,0,0.189815,0.181901,0.733973,0.311342,0.768751,0.037738,Interactive
hsa_27345,D00294,0.004316,0,0,0.001204,0.00062,0,0.002424,0.007765,0.00245,0.002898,0.000243,0.001935,0.001807,0.00446,0.002033,0,0.000056,0.686336,0.740178,0.263516,0.459139,0.4,0.094791,0.6,0.334257,0.132075,0.015152,0,0.097222,0.045094,0,0.745366,0.631611,0.007488,Interactive
hsa_3778,D01256,0.003008,0.00247,0.000127,0.000061,0,0.001973,0.00601,0.005806,0.000698,0.002008,0,0.000007,0.000946,0.00067,0.001641,0.001332,0.003621,0.705534,0.740178,0.239585,0.355572,0,0.245654,0.742904,0.40367,0.401088,0.039969,0,0.128834,0.229471,0.715326,0.3381,0.80637,0.04536,Interactive
hsa_1136,D00195,0.002956,0.000199,0,0,0,0,0.006677,0.00764,0,0.004758,0,0.003874,0,0,0.001416,0,0.00018,0.848662,0.665701,0.425893,0.446565,0.4,0.160726,0.4,0.321787,0.679245,0.287879,1,0.11859,0.199607,0,0.447324,0.894521,0.02401,Interactive
hsa_3756,D02356,0.004183,0.001925,0,0,0.001479,0.003582,0.002499,0.003182,0.001534,0.002099,0.000455,0,0.000949,0.00261,0.002715,0.000628,0.002082,0.873125,0.660895,0.529463,0.470891,0.4,0.416452,0.4,0.35123,0.257862,0,0,0.571078,0.371725,0.381625,0.541931,0.754651,0.109411,Interactive
hsa_27092,D00512,0.004661,0.000099,0,0.000351,0,0.000236,0.004689,0.004215,0.003506,0.000719,0,0.002779,0,0.002021,0.002171,0.000247,0.000227,0.475011,0.673317,0.179462,0.502528,0.4,0.153974,0.3,0.618982,0.207547,0,0,0.107143,0.104814,0,0.317891,0.735649,0.017859,Interactive
hsa_6328,D00738,0.005192,0.002574,0.000527,0,0,0.00025,0.003734,0.00598,0.003962,0.003206,0.000807,0.000534,0.00052,0.002628,0.003099,0.000886,0.003756,0.901103,0.745327,0.452293,0.594715,0.4,0.161721,0.45,0.210946,0.116352,0,0,0.287281,0.137416,0,0.374757,0.607752,0.017621,Interactive
hsa_6337,D02356,0.006201,0.001016,0.000258,0.001271,0.000389,0.000305,0.005676,0.004582,0.002018,0.000652,0.000405,0.000864,0.000012,0.001149,0.001978,0.003344,0.003255,0.873125,0.660895,0.529463,0.470891,0.4,0.416452,0.4,0.35123,0.257862,0,0,0.571078,0.371725,0.381625,0.541931,0.754651,0.109411,Interactive
hsa_3758,D00964,0.005004,0.00018,0.000602,0.000012,0.001974,0.000655,0.002876,0.008594,0.000043,0.002834,0,0.003736,0.001246,0.001775,0.005276,0.001102,0.002435,0.683922,0.734137,0.288299,0.394304,0,0.199871,0.6349,0.260763,0.234962,0.010064,0,0.233773,0.198669,0.846239,0.323857,0.704303,0.022465,Interactive
hsa_3738,D00619,0.005726,0.002029,0,0.000095,0.002108,0,0.003605,0.004726,0.001394,0.000135,0,0.000028,0.001068,0.000534,0.002368,0.000201,0.001984,0.873125,0.660895,0.529463,0.470891,0.4,0.416452,0.4,0.35123,0.257862,0,0,0.571078,0.371725,0.381625,0.541931,0.754651,0.109411,Interactive
hsa_55515,D00512,0.003851,0,0,0,0.000173,0,0.000322,0.003261,0.000787,0.001421,0,0,0,0,0.000621,0.001357,0,0.475011,0.673317,0.179462,0.502528,0.4,0.153974,0.3,0.618982,0.207547,0,0,0.107143,0.104814,0,0.317891,0.735649,0.017859,Interactive
hsa_3738,D00619,0.004096,0.000617,0,0.000003,0.001063,0.00145,0.00519,0.00998,0.001155,0.000108,0,0.001434,0,0.000736,0.001956,0.00184,0.005998,0.748832,0.689714,0.527865,0.491495,0.077972,0.404378,0.457627,0.476972,0.289543,0,0,0.40826,0.366495,0.383232,0.374289,0.753372,0.104521,Interactive
hsa_10369,D00437,0.005485,0.001344,0.000089,0.000704,0.001083,0.001508,0.004089,0.004831,0.002923,0.001217,0,0.000225,0.00018,0.001046,0.001478,0.000431,0.002263,0.631866,0.669899,0.307511,0.679199,0,0.280165,0.55,0.409075,0.314465,0,0,0.399038,0.426874,0,0.389568,0.764045,0.03756,Interactive
hsa_3738,D00619,0.003431,0.001278,0,0.000304,0,0.000537,0.007779,0.003945,0.002547,0.001154,0,0.000082,0.000356,0.000208,0.001615,0.003121,0.005045,0.873125,0.660895,0.529463,0.470891,0.4,0.416452,0.4,0.35123,0.257862,0,0,0.571078,0.371725,0.381625,0.541931,0.754651,0.109411,Interactive
hsa_6323,D00358,0.00562,0.002712,0.000507,0,0,0.000904,0.003723,0.006649,0.002068,0.001775,0.000999,0.000506,0.000598,0.001542,0.002509,0.000671,0.003237,0.843632,0.713968,0.456122,0.508234,0.4,0.172873,0.45,0.204018,0.072327,0,0,0.571078,0.128885,0,0.483476,0.537758,0.016046,Interactive
hsa_116444,D00136,0.003287,0.000839,0,0,0.000435,0.000794,0.002712,0.006964,0.000517,0,0,0.000156,0,0.000716,0,0,0,0.692342,0.740178,0.253003,0.141594,0.4,0.270287,0.4,0.347073,0.220126,0,0,0.293155,0.196222,0.714566,0.503607,0.695904,0.059995,Interactive
hsa_6323,D00332,0.003187,0.002397,0.0008,0,0.001093,0.001135,0.003716,0.005808,0.0032,0.001366,0.000016,0.000497,0.000986,0.001335,0.001448,0.000942,0.002988,0.798627,0.489268,0.250599,0.417256,0,0.087363,0.15,0.479737,0.034591,0,0,0.392361,0,0,0.377601,0.497369,0.00517,Interactive
hsa_10369,D00542,0.00276,0.002489,0.000801,0.000173,0.00036,0.001813,0.002716,0.006729,0.002412,0.001437,0,0.000853,0.000072,0.000852,0.001709,0.000947,0.003812,0.699683,0.740178,0,0,0,0.034372,0,0,0,0,0,1,0,0,0.876471,0.24585,0.000773,Interactive
hsa_3739,D00617,0.00537,0.001875,0,0.000035,0.001758,0.001574,0.005501,0.008507,0.001095,0.000957,0,0.00046,0,0.001177,0.001952,0.00003,0.003651,0.643249,0.62586,0.336741,0.660417,0.093607,0.387423,0.535647,0.618331,0.355735,0.024827,0,0.394196,0.312003,0.402665,0.28345,0.784465,0.133479,Interactive
